0,1,2,3,4,5,6,7,8,9,10,11,12,13,14,15,16,17,18,19,20,21,22,23,24,25,26,27,28,29,30,31,32,33,34,35,36,37,38,39,40,41,42,43,44,45,46,47,48,49,50,51,52,53,54,55,56,57,58,59,60,61,62,63,64,65,66,67,68,69,70,71,72,73,74,75,76,77,78,79,80,81,82,83,84,85,86,87,88,89,90,91,92,93,94,95,96,97,98,99,100,101,102
24,19,24.0,11.0,24.0,20.0,26.0,26.0,26.0,26.0,26.0,26.0,26.0,26.0,26.0,26.0,24.0,,,,,,,,,,,,,,,,,,,,,,,,,,,,,,,,,,,,,,,,,,,,,,,,,,,,,,,,,,,,,,,,,,,,,,,,,,,,,,,,,,,,,,
24,24,24.0,11.0,24.0,37.0,25.0,24.0,24.0,24.0,11.0,24.0,,,,,,,,,,,,,,,,,,,,,,,,,,,,,,,,,,,,,,,,,,,,,,,,,,,,,,,,,,,,,,,,,,,,,,,,,,,,,,,,,,,,,,,,,,,
24,27,28.0,28.0,28.0,19.0,24.0,11.0,24.0,11.0,24.0,24.0,19.0,24.0,37.0,25.0,24.0,24.0,11.0,24.0,37.0,25.0,24.0,37.0,25.0,24.0,37.0,25.0,22.0,24.0,,,,,,,,,,,,,,,,,,,,,,,,,,,,,,,,,,,,,,,,,,,,,,,,,,,,,,,,,,,,,,,,,,,,,,,,,
24,11,24.0,24.0,24.0,37.0,25.0,24.0,24.0,27.0,19.0,24.0,11.0,24.0,11.0,24.0,27.0,19.0,24.0,17.0,42.0,24.0,24.0,24.0,11.0,17.0,24.0,8.0,24.0,37.0,25.0,24.0,,,,,,,,,,,,,,,,,,,,,,,,,,,,,,,,,,,,,,,,,,,,,,,,,,,,,,,,,,,,,,,,,,,,,,,
19,24,19.0,24.0,37.0,5.0,24.0,24.0,11.0,24.0,1.0,9.0,9.0,9.0,24.0,,,,,,,,,,,,,,,,,,,,,,,,,,,,,,,,,,,,,,,,,,,,,,,,,,,,,,,,,,,,,,,,,,,,,,,,,,,,,,,,,,,,,,,,
13,24,19.0,24.0,11.0,24.0,24.0,24.0,27.0,19.0,24.0,37.0,5.0,24.0,37.0,5.0,29.0,24.0,24.0,11.0,24.0,24.0,19.0,24.0,37.0,5.0,24.0,24.0,19.0,24.0,37.0,5.0,24.0,24.0,11.0,24.0,24.0,24.0,24.0,11.0,24.0,37.0,25.0,24.0,,,,,,,,,,,,,,,,,,,,,,,,,,,,,,,,,,,,,,,,,,,,,,,,,,,,,,,,,,,
19,10,24.0,19.0,24.0,24.0,19.0,10.0,10.0,24.0,19.0,24.0,24.0,24.0,19.0,24.0,11.0,24.0,1.0,9.0,9.0,9.0,24.0,1.0,9.0,24.0,,,,,,,,,,,,,,,,,,,,,,,,,,,,,,,,,,,,,,,,,,,,,,,,,,,,,,,,,,,,,,,,,,,,,,,,,,,,,
24,21,38.0,38.0,24.0,24.0,19.0,24.0,24.0,24.0,24.0,37.0,4.0,32.0,24.0,24.0,24.0,24.0,24.0,24.0,24.0,21.0,24.0,19.0,27.0,24.0,37.0,5.0,24.0,5.0,24.0,24.0,24.0,37.0,4.0,24.0,24.0,24.0,,,,,,,,,,,,,,,,,,,,,,,,,,,,,,,,,,,,,,,,,,,,,,,,,,,,,,,,,,,,,,,,,
24,37,25.0,24.0,11.0,24.0,17.0,42.0,24.0,24.0,19.0,24.0,11.0,24.0,24.0,8.0,24.0,11.0,24.0,37.0,25.0,24.0,37.0,25.0,24.0,17.0,24.0,24.0,,,,,,,,,,,,,,,,,,,,,,,,,,,,,,,,,,,,,,,,,,,,,,,,,,,,,,,,,,,,,,,,,,,,,,,,,,,
24,24,19.0,24.0,24.0,15.0,24.0,24.0,37.0,5.0,29.0,29.0,24.0,,,,,,,,,,,,,,,,,,,,,,,,,,,,,,,,,,,,,,,,,,,,,,,,,,,,,,,,,,,,,,,,,,,,,,,,,,,,,,,,,,,,,,,,,,
24,24,24.0,24.0,24.0,24.0,24.0,24.0,24.0,24.0,24.0,24.0,24.0,24.0,11.0,24.0,27.0,28.0,24.0,27.0,24.0,24.0,27.0,28.0,19.0,24.0,,,,,,,,,,,,,,,,,,,,,,,,,,,,,,,,,,,,,,,,,,,,,,,,,,,,,,,,,,,,,,,,,,,,,,,,,,,,,
24,24,37.0,5.0,27.0,19.0,24.0,11.0,24.0,37.0,5.0,19.0,24.0,11.0,24.0,37.0,25.0,24.0,24.0,37.0,5.0,19.0,10.0,24.0,11.0,24.0,24.0,24.0,11.0,24.0,,,,,,,,,,,,,,,,,,,,,,,,,,,,,,,,,,,,,,,,,,,,,,,,,,,,,,,,,,,,,,,,,,,,,,,,,
24,8,24.0,11.0,24.0,39.0,24.0,24.0,24.0,37.0,25.0,24.0,24.0,19.0,11.0,24.0,24.0,19.0,24.0,,,,,,,,,,,,,,,,,,,,,,,,,,,,,,,,,,,,,,,,,,,,,,,,,,,,,,,,,,,,,,,,,,,,,,,,,,,,,,,,,,,,
24,8,24.0,24.0,11.0,24.0,24.0,24.0,24.0,11.0,17.0,42.0,24.0,,,,,,,,,,,,,,,,,,,,,,,,,,,,,,,,,,,,,,,,,,,,,,,,,,,,,,,,,,,,,,,,,,,,,,,,,,,,,,,,,,,,,,,,,,
19,10,24.0,19.0,10.0,24.0,11.0,24.0,27.0,28.0,24.0,24.0,24.0,24.0,,,,,,,,,,,,,,,,,,,,,,,,,,,,,,,,,,,,,,,,,,,,,,,,,,,,,,,,,,,,,,,,,,,,,,,,,,,,,,,,,,,,,,,,,
24,24,24.0,19.0,24.0,24.0,37.0,33.0,33.0,5.0,29.0,24.0,24.0,19.0,24.0,,,,,,,,,,,,,,,,,,,,,,,,,,,,,,,,,,,,,,,,,,,,,,,,,,,,,,,,,,,,,,,,,,,,,,,,,,,,,,,,,,,,,,,,
24,37,5.0,24.0,19.0,27.0,24.0,37.0,5.0,24.0,19.0,24.0,14.0,16.0,8.0,24.0,11.0,24.0,37.0,25.0,24.0,8.0,24.0,1.0,9.0,9.0,24.0,24.0,24.0,24.0,19.0,24.0,11.0,24.0,24.0,39.0,24.0,37.0,25.0,24.0,,,,,,,,,,,,,,,,,,,,,,,,,,,,,,,,,,,,,,,,,,,,,,,,,,,,,,,,,,,,,,,
24,24,24.0,19.0,13.0,24.0,24.0,24.0,36.0,40.0,40.0,40.0,40.0,40.0,24.0,11.0,24.0,24.0,24.0,24.0,24.0,24.0,24.0,24.0,24.0,24.0,24.0,24.0,24.0,24.0,24.0,24.0,24.0,24.0,24.0,,,,,,,,,,,,,,,,,,,,,,,,,,,,,,,,,,,,,,,,,,,,,,,,,,,,,,,,,,,,,,,,,,,,
24,24,24.0,19.0,24.0,15.0,24.0,15.0,24.0,37.0,24.0,13.0,24.0,11.0,24.0,24.0,24.0,36.0,24.0,24.0,,,,,,,,,,,,,,,,,,,,,,,,,,,,,,,,,,,,,,,,,,,,,,,,,,,,,,,,,,,,,,,,,,,,,,,,,,,,,,,,,,,
24,24,37.0,24.0,19.0,13.0,24.0,11.0,24.0,24.0,24.0,24.0,24.0,37.0,25.0,24.0,24.0,19.0,24.0,24.0,37.0,33.0,25.0,24.0,24.0,19.0,10.0,10.0,24.0,27.0,24.0,24.0,24.0,24.0,24.0,37.0,33.0,33.0,33.0,25.0,24.0,37.0,25.0,24.0,,,,,,,,,,,,,,,,,,,,,,,,,,,,,,,,,,,,,,,,,,,,,,,,,,,,,,,,,,,
24,24,24.0,27.0,19.0,27.0,24.0,24.0,11.0,24.0,24.0,11.0,24.0,24.0,37.0,25.0,24.0,37.0,25.0,24.0,37.0,5.0,19.0,24.0,19.0,24.0,37.0,25.0,24.0,11.0,24.0,13.0,31.0,31.0,19.0,13.0,24.0,,,,,,,,,,,,,,,,,,,,,,,,,,,,,,,,,,,,,,,,,,,,,,,,,,,,,,,,,,,,,,,,,,
24,24,11.0,24.0,37.0,25.0,24.0,19.0,10.0,24.0,37.0,5.0,24.0,24.0,37.0,5.0,19.0,24.0,24.0,11.0,24.0,24.0,24.0,19.0,24.0,,,,,,,,,,,,,,,,,,,,,,,,,,,,,,,,,,,,,,,,,,,,,,,,,,,,,,,,,,,,,,,,,,,,,,,,,,,,,,
24,27,19.0,24.0,11.0,24.0,24.0,24.0,24.0,24.0,24.0,24.0,24.0,24.0,24.0,19.0,10.0,10.0,13.0,24.0,11.0,24.0,24.0,36.0,24.0,19.0,24.0,24.0,24.0,24.0,19.0,10.0,24.0,19.0,24.0,24.0,24.0,24.0,24.0,24.0,35.0,34.0,24.0,,,,,,,,,,,,,,,,,,,,,,,,,,,,,,,,,,,,,,,,,,,,,,,,,,,,,,,,,,,,
24,19,10.0,24.0,11.0,17.0,24.0,24.0,37.0,25.0,24.0,24.0,27.0,28.0,19.0,24.0,11.0,24.0,,,,,,,,,,,,,,,,,,,,,,,,,,,,,,,,,,,,,,,,,,,,,,,,,,,,,,,,,,,,,,,,,,,,,,,,,,,,,,,,,,,,,
24,37,25.0,24.0,11.0,24.0,37.0,25.0,24.0,24.0,19.0,24.0,11.0,24.0,11.0,24.0,11.0,24.0,17.0,24.0,37.0,25.0,24.0,37.0,25.0,24.0,,,,,,,,,,,,,,,,,,,,,,,,,,,,,,,,,,,,,,,,,,,,,,,,,,,,,,,,,,,,,,,,,,,,,,,,,,,,,
24,24,24.0,19.0,24.0,11.0,6.0,6.0,24.0,37.0,25.0,17.0,24.0,,,,,,,,,,,,,,,,,,,,,,,,,,,,,,,,,,,,,,,,,,,,,,,,,,,,,,,,,,,,,,,,,,,,,,,,,,,,,,,,,,,,,,,,,,
24,24,24.0,24.0,19.0,10.0,10.0,24.0,11.0,24.0,24.0,24.0,24.0,19.0,10.0,10.0,24.0,24.0,24.0,24.0,24.0,24.0,11.0,24.0,24.0,24.0,8.0,41.0,24.0,,,,,,,,,,,,,,,,,,,,,,,,,,,,,,,,,,,,,,,,,,,,,,,,,,,,,,,,,,,,,,,,,,,,,,,,,,
24,24,24.0,24.0,24.0,37.0,5.0,24.0,19.0,24.0,19.0,24.0,24.0,11.0,24.0,24.0,27.0,24.0,37.0,5.0,24.0,19.0,10.0,10.0,24.0,37.0,5.0,24.0,19.0,10.0,10.0,24.0,24.0,37.0,5.0,24.0,27.0,19.0,24.0,,,,,,,,,,,,,,,,,,,,,,,,,,,,,,,,,,,,,,,,,,,,,,,,,,,,,,,,,,,,,,,,
24,24,24.0,24.0,24.0,24.0,24.0,24.0,24.0,24.0,24.0,,,,,,,,,,,,,,,,,,,,,,,,,,,,,,,,,,,,,,,,,,,,,,,,,,,,,,,,,,,,,,,,,,,,,,,,,,,,,,,,,,,,,,,,,,,,
24,24,24.0,,,,,,,,,,,,,,,,,,,,,,,,,,,,,,,,,,,,,,,,,,,,,,,,,,,,,,,,,,,,,,,,,,,,,,,,,,,,,,,,,,,,,,,,,,,,,,,,,,,,
24,24,24.0,24.0,24.0,24.0,24.0,24.0,24.0,24.0,24.0,24.0,24.0,24.0,24.0,24.0,24.0,24.0,24.0,24.0,24.0,24.0,24.0,,,,,,,,,,,,,,,,,,,,,,,,,,,,,,,,,,,,,,,,,,,,,,,,,,,,,,,,,,,,,,,,,,,,,,,,,,,,,,,,
24,24,11.0,24.0,11.0,24.0,27.0,19.0,24.0,24.0,27.0,19.0,24.0,11.0,24.0,24.0,14.0,8.0,24.0,37.0,25.0,24.0,37.0,25.0,24.0,24.0,11.0,6.0,24.0,17.0,42.0,24.0,37.0,25.0,24.0,19.0,24.0,,,,,,,,,,,,,,,,,,,,,,,,,,,,,,,,,,,,,,,,,,,,,,,,,,,,,,,,,,,,,,,,,,
19,10,10.0,13.0,24.0,24.0,24.0,24.0,24.0,13.0,24.0,24.0,24.0,24.0,24.0,,,,,,,,,,,,,,,,,,,,,,,,,,,,,,,,,,,,,,,,,,,,,,,,,,,,,,,,,,,,,,,,,,,,,,,,,,,,,,,,,,,,,,,,
24,19,13.0,24.0,11.0,24.0,27.0,28.0,28.0,19.0,24.0,19.0,24.0,1.0,24.0,37.0,5.0,24.0,24.0,19.0,24.0,1.0,24.0,37.0,5.0,24.0,24.0,,,,,,,,,,,,,,,,,,,,,,,,,,,,,,,,,,,,,,,,,,,,,,,,,,,,,,,,,,,,,,,,,,,,,,,,,,,,
24,8,24.0,11.0,24.0,11.0,24.0,19.0,24.0,24.0,24.0,37.0,5.0,24.0,19.0,27.0,28.0,28.0,24.0,37.0,5.0,19.0,24.0,37.0,5.0,19.0,24.0,37.0,5.0,19.0,24.0,24.0,11.0,24.0,24.0,8.0,41.0,24.0,24.0,24.0,11.0,24.0,19.0,24.0,37.0,5.0,24.0,24.0,19.0,24.0,37.0,5.0,24.0,24.0,24.0,24.0,24.0,19.0,24.0,17.0,11.0,24.0,17.0,42.0,24.0,24.0,19.0,39.0,24.0,37.0,25.0,24.0,,,,,,,,,,,,,,,,,,,,,,,,,,,,,,,
1,24,1.0,9.0,9.0,9.0,9.0,24.0,24.0,21.0,24.0,37.0,4.0,24.0,21.0,24.0,37.0,4.0,24.0,24.0,24.0,24.0,37.0,5.0,29.0,24.0,,,,,,,,,,,,,,,,,,,,,,,,,,,,,,,,,,,,,,,,,,,,,,,,,,,,,,,,,,,,,,,,,,,,,,,,,,,,,
24,25,24.0,24.0,19.0,24.0,24.0,11.0,24.0,24.0,19.0,27.0,24.0,11.0,24.0,24.0,11.0,24.0,37.0,24.0,,,,,,,,,,,,,,,,,,,,,,,,,,,,,,,,,,,,,,,,,,,,,,,,,,,,,,,,,,,,,,,,,,,,,,,,,,,,,,,,,,,
24,24,24.0,19.0,24.0,11.0,24.0,11.0,24.0,27.0,28.0,28.0,19.0,24.0,24.0,14.0,8.0,24.0,24.0,37.0,25.0,24.0,,,,,,,,,,,,,,,,,,,,,,,,,,,,,,,,,,,,,,,,,,,,,,,,,,,,,,,,,,,,,,,,,,,,,,,,,,,,,,,,,
24,24,21.0,24.0,24.0,19.0,13.0,24.0,24.0,24.0,24.0,24.0,,,,,,,,,,,,,,,,,,,,,,,,,,,,,,,,,,,,,,,,,,,,,,,,,,,,,,,,,,,,,,,,,,,,,,,,,,,,,,,,,,,,,,,,,,,
7,12,12.0,19.0,24.0,37.0,4.0,24.0,21.0,24.0,37.0,5.0,24.0,24.0,11.0,17.0,24.0,19.0,24.0,19.0,24.0,24.0,27.0,19.0,24.0,,,,,,,,,,,,,,,,,,,,,,,,,,,,,,,,,,,,,,,,,,,,,,,,,,,,,,,,,,,,,,,,,,,,,,,,,,,,,,
19,24,19.0,24.0,24.0,19.0,24.0,19.0,24.0,24.0,24.0,19.0,24.0,11.0,24.0,1.0,24.0,,,,,,,,,,,,,,,,,,,,,,,,,,,,,,,,,,,,,,,,,,,,,,,,,,,,,,,,,,,,,,,,,,,,,,,,,,,,,,,,,,,,,,
24,24,19.0,24.0,11.0,24.0,37.0,25.0,24.0,37.0,25.0,24.0,19.0,24.0,24.0,24.0,24.0,,,,,,,,,,,,,,,,,,,,,,,,,,,,,,,,,,,,,,,,,,,,,,,,,,,,,,,,,,,,,,,,,,,,,,,,,,,,,,,,,,,,,,
24,24,24.0,24.0,24.0,24.0,24.0,24.0,24.0,24.0,24.0,24.0,24.0,24.0,24.0,24.0,24.0,24.0,24.0,24.0,24.0,24.0,24.0,24.0,24.0,24.0,24.0,,,,,,,,,,,,,,,,,,,,,,,,,,,,,,,,,,,,,,,,,,,,,,,,,,,,,,,,,,,,,,,,,,,,,,,,,,,,
24,11,24.0,24.0,24.0,24.0,27.0,24.0,19.0,27.0,11.0,24.0,24.0,24.0,24.0,24.0,24.0,11.0,24.0,24.0,11.0,24.0,37.0,25.0,24.0,,,,,,,,,,,,,,,,,,,,,,,,,,,,,,,,,,,,,,,,,,,,,,,,,,,,,,,,,,,,,,,,,,,,,,,,,,,,,,
24,11,24.0,19.0,24.0,24.0,24.0,24.0,11.0,24.0,24.0,19.0,10.0,24.0,,,,,,,,,,,,,,,,,,,,,,,,,,,,,,,,,,,,,,,,,,,,,,,,,,,,,,,,,,,,,,,,,,,,,,,,,,,,,,,,,,,,,,,,,
24,24,19.0,11.0,24.0,11.0,19.0,10.0,24.0,7.0,12.0,24.0,11.0,24.0,1.0,9.0,9.0,9.0,24.0,1.0,9.0,24.0,24.0,24.0,11.0,24.0,24.0,24.0,,,,,,,,,,,,,,,,,,,,,,,,,,,,,,,,,,,,,,,,,,,,,,,,,,,,,,,,,,,,,,,,,,,,,,,,,,,
24,24,24.0,24.0,27.0,19.0,24.0,11.0,24.0,11.0,24.0,11.0,24.0,19.0,24.0,19.0,37.0,25.0,24.0,11.0,24.0,37.0,25.0,24.0,11.0,24.0,27.0,19.0,24.0,,,,,,,,,,,,,,,,,,,,,,,,,,,,,,,,,,,,,,,,,,,,,,,,,,,,,,,,,,,,,,,,,,,,,,,,,,
24,19,10.0,10.0,13.0,11.0,24.0,37.0,5.0,24.0,5.0,15.0,18.0,24.0,,,,,,,,,,,,,,,,,,,,,,,,,,,,,,,,,,,,,,,,,,,,,,,,,,,,,,,,,,,,,,,,,,,,,,,,,,,,,,,,,,,,,,,,,
24,19,10.0,10.0,13.0,31.0,24.0,11.0,24.0,24.0,24.0,27.0,19.0,27.0,24.0,24.0,36.0,40.0,40.0,40.0,40.0,40.0,40.0,40.0,24.0,,,,,,,,,,,,,,,,,,,,,,,,,,,,,,,,,,,,,,,,,,,,,,,,,,,,,,,,,,,,,,,,,,,,,,,,,,,,,,
19,13,31.0,24.0,11.0,24.0,11.0,6.0,24.0,19.0,24.0,,,,,,,,,,,,,,,,,,,,,,,,,,,,,,,,,,,,,,,,,,,,,,,,,,,,,,,,,,,,,,,,,,,,,,,,,,,,,,,,,,,,,,,,,,,,
7,12,19.0,24.0,1.0,24.0,24.0,19.0,24.0,37.0,5.0,24.0,1.0,24.0,24.0,11.0,24.0,24.0,24.0,24.0,27.0,15.0,27.0,24.0,24.0,24.0,24.0,11.0,24.0,24.0,24.0,19.0,10.0,24.0,15.0,37.0,33.0,33.0,5.0,29.0,24.0,19.0,37.0,5.0,24.0,1.0,24.0,24.0,,,,,,,,,,,,,,,,,,,,,,,,,,,,,,,,,,,,,,,,,,,,,,,,,,,,,,,
24,19,24.0,11.0,24.0,11.0,24.0,27.0,19.0,10.0,27.0,24.0,,,,,,,,,,,,,,,,,,,,,,,,,,,,,,,,,,,,,,,,,,,,,,,,,,,,,,,,,,,,,,,,,,,,,,,,,,,,,,,,,,,,,,,,,,,
24,24,24.0,11.0,19.0,24.0,11.0,24.0,17.0,11.0,24.0,24.0,19.0,24.0,17.0,42.0,24.0,37.0,25.0,24.0,17.0,42.0,24.0,,,,,,,,,,,,,,,,,,,,,,,,,,,,,,,,,,,,,,,,,,,,,,,,,,,,,,,,,,,,,,,,,,,,,,,,,,,,,,,,
24,24,24.0,8.0,24.0,19.0,27.0,24.0,11.0,24.0,27.0,19.0,24.0,11.0,24.0,24.0,8.0,41.0,41.0,41.0,24.0,11.0,24.0,19.0,27.0,24.0,,,,,,,,,,,,,,,,,,,,,,,,,,,,,,,,,,,,,,,,,,,,,,,,,,,,,,,,,,,,,,,,,,,,,,,,,,,,,
11,24,19.0,24.0,37.0,4.0,13.0,31.0,31.0,24.0,13.0,24.0,11.0,24.0,24.0,24.0,24.0,24.0,35.0,24.0,35.0,24.0,,,,,,,,,,,,,,,,,,,,,,,,,,,,,,,,,,,,,,,,,,,,,,,,,,,,,,,,,,,,,,,,,,,,,,,,,,,,,,,,,
24,24,24.0,,,,,,,,,,,,,,,,,,,,,,,,,,,,,,,,,,,,,,,,,,,,,,,,,,,,,,,,,,,,,,,,,,,,,,,,,,,,,,,,,,,,,,,,,,,,,,,,,,,,
24,24,19.0,24.0,11.0,6.0,24.0,5.0,29.0,24.0,15.0,24.0,15.0,24.0,24.0,24.0,37.0,33.0,33.0,33.0,33.0,33.0,33.0,24.0,,,,,,,,,,,,,,,,,,,,,,,,,,,,,,,,,,,,,,,,,,,,,,,,,,,,,,,,,,,,,,,,,,,,,,,,,,,,,,,
24,19,24.0,11.0,24.0,27.0,19.0,24.0,24.0,11.0,24.0,19.0,24.0,24.0,19.0,24.0,24.0,11.0,24.0,11.0,24.0,27.0,19.0,24.0,,,,,,,,,,,,,,,,,,,,,,,,,,,,,,,,,,,,,,,,,,,,,,,,,,,,,,,,,,,,,,,,,,,,,,,,,,,,,,,
11,6,24.0,11.0,24.0,24.0,24.0,19.0,10.0,10.0,24.0,24.0,19.0,24.0,1.0,9.0,24.0,37.0,5.0,24.0,24.0,24.0,24.0,19.0,24.0,24.0,1.0,24.0,15.0,24.0,24.0,37.0,5.0,24.0,24.0,24.0,,,,,,,,,,,,,,,,,,,,,,,,,,,,,,,,,,,,,,,,,,,,,,,,,,,,,,,,,,,,,,,,,,,
24,24,11.0,19.0,24.0,37.0,5.0,24.0,24.0,11.0,24.0,24.0,19.0,24.0,17.0,11.0,24.0,24.0,24.0,17.0,11.0,24.0,19.0,24.0,24.0,19.0,24.0,24.0,24.0,11.0,24.0,24.0,37.0,0.0,8.0,41.0,24.0,1.0,9.0,9.0,9.0,24.0,24.0,37.0,0.0,3.0,24.0,37.0,25.0,24.0,37.0,25.0,24.0,24.0,24.0,14.0,8.0,24.0,,,,,,,,,,,,,,,,,,,,,,,,,,,,,,,,,,,,,,,,,,,,,
24,11,24.0,37.0,5.0,24.0,27.0,19.0,24.0,17.0,11.0,24.0,24.0,24.0,11.0,24.0,24.0,27.0,28.0,28.0,19.0,24.0,,,,,,,,,,,,,,,,,,,,,,,,,,,,,,,,,,,,,,,,,,,,,,,,,,,,,,,,,,,,,,,,,,,,,,,,,,,,,,,,,
24,24,24.0,19.0,10.0,13.0,24.0,37.0,33.0,33.0,24.0,37.0,33.0,33.0,24.0,37.0,33.0,33.0,24.0,37.0,33.0,33.0,5.0,29.0,24.0,11.0,24.0,19.0,24.0,19.0,24.0,19.0,24.0,19.0,24.0,24.0,24.0,24.0,,,,,,,,,,,,,,,,,,,,,,,,,,,,,,,,,,,,,,,,,,,,,,,,,,,,,,,,,,,,,,,,,
24,24,24.0,24.0,24.0,37.0,5.0,24.0,37.0,5.0,29.0,29.0,24.0,24.0,24.0,,,,,,,,,,,,,,,,,,,,,,,,,,,,,,,,,,,,,,,,,,,,,,,,,,,,,,,,,,,,,,,,,,,,,,,,,,,,,,,,,,,,,,,,
7,12,24.0,27.0,28.0,28.0,24.0,37.0,5.0,24.0,19.0,24.0,19.0,24.0,19.0,27.0,24.0,11.0,24.0,11.0,24.0,11.0,6.0,24.0,,,,,,,,,,,,,,,,,,,,,,,,,,,,,,,,,,,,,,,,,,,,,,,,,,,,,,,,,,,,,,,,,,,,,,,,,,,,,,,
24,24,19.0,24.0,24.0,24.0,24.0,19.0,24.0,24.0,24.0,11.0,24.0,19.0,10.0,10.0,10.0,10.0,10.0,24.0,19.0,24.0,1.0,24.0,37.0,5.0,24.0,11.0,24.0,7.0,12.0,12.0,24.0,19.0,24.0,24.0,19.0,24.0,24.0,24.0,,,,,,,,,,,,,,,,,,,,,,,,,,,,,,,,,,,,,,,,,,,,,,,,,,,,,,,,,,,,,,,
24,19,24.0,11.0,17.0,24.0,24.0,24.0,19.0,24.0,24.0,24.0,24.0,24.0,24.0,19.0,24.0,11.0,24.0,11.0,24.0,37.0,25.0,24.0,17.0,42.0,24.0,,,,,,,,,,,,,,,,,,,,,,,,,,,,,,,,,,,,,,,,,,,,,,,,,,,,,,,,,,,,,,,,,,,,,,,,,,,,
11,24,,,,,,,,,,,,,,,,,,,,,,,,,,,,,,,,,,,,,,,,,,,,,,,,,,,,,,,,,,,,,,,,,,,,,,,,,,,,,,,,,,,,,,,,,,,,,,,,,,,,,
24,11,6.0,6.0,24.0,24.0,24.0,24.0,24.0,19.0,24.0,11.0,24.0,19.0,24.0,24.0,24.0,19.0,24.0,11.0,24.0,24.0,37.0,25.0,24.0,24.0,8.0,41.0,24.0,11.0,24.0,19.0,24.0,24.0,24.0,37.0,25.0,24.0,24.0,11.0,24.0,24.0,24.0,24.0,24.0,19.0,10.0,24.0,,,,,,,,,,,,,,,,,,,,,,,,,,,,,,,,,,,,,,,,,,,,,,,,,,,,,,,
24,19,24.0,24.0,7.0,12.0,24.0,11.0,24.0,24.0,24.0,,,,,,,,,,,,,,,,,,,,,,,,,,,,,,,,,,,,,,,,,,,,,,,,,,,,,,,,,,,,,,,,,,,,,,,,,,,,,,,,,,,,,,,,,,,,
19,10,24.0,19.0,24.0,24.0,19.0,10.0,24.0,19.0,10.0,24.0,19.0,24.0,24.0,19.0,10.0,24.0,19.0,10.0,24.0,19.0,10.0,24.0,11.0,24.0,1.0,24.0,,,,,,,,,,,,,,,,,,,,,,,,,,,,,,,,,,,,,,,,,,,,,,,,,,,,,,,,,,,,,,,,,,,,,,,,,,,
24,19,24.0,11.0,24.0,24.0,25.0,24.0,11.0,24.0,17.0,24.0,11.0,24.0,24.0,,,,,,,,,,,,,,,,,,,,,,,,,,,,,,,,,,,,,,,,,,,,,,,,,,,,,,,,,,,,,,,,,,,,,,,,,,,,,,,,,,,,,,,,
24,24,24.0,19.0,24.0,11.0,24.0,24.0,24.0,24.0,8.0,24.0,37.0,25.0,24.0,,,,,,,,,,,,,,,,,,,,,,,,,,,,,,,,,,,,,,,,,,,,,,,,,,,,,,,,,,,,,,,,,,,,,,,,,,,,,,,,,,,,,,,,
24,24,24.0,,,,,,,,,,,,,,,,,,,,,,,,,,,,,,,,,,,,,,,,,,,,,,,,,,,,,,,,,,,,,,,,,,,,,,,,,,,,,,,,,,,,,,,,,,,,,,,,,,,,
24,21,24.0,19.0,24.0,24.0,24.0,19.0,24.0,19.0,13.0,24.0,11.0,24.0,24.0,37.0,4.0,24.0,37.0,4.0,24.0,37.0,4.0,24.0,20.0,26.0,24.0,24.0,24.0,,,,,,,,,,,,,,,,,,,,,,,,,,,,,,,,,,,,,,,,,,,,,,,,,,,,,,,,,,,,,,,,,,,,,,,,,,
27,28,19.0,24.0,24.0,24.0,24.0,24.0,24.0,11.0,24.0,15.0,24.0,15.0,24.0,19.0,24.0,24.0,24.0,24.0,24.0,24.0,11.0,24.0,27.0,28.0,19.0,24.0,13.0,31.0,24.0,,,,,,,,,,,,,,,,,,,,,,,,,,,,,,,,,,,,,,,,,,,,,,,,,,,,,,,,,,,,,,,,,,,,,,,,
24,11,24.0,17.0,42.0,24.0,19.0,27.0,24.0,11.0,24.0,24.0,8.0,41.0,24.0,11.0,24.0,24.0,27.0,19.0,24.0,24.0,11.0,24.0,19.0,24.0,,,,,,,,,,,,,,,,,,,,,,,,,,,,,,,,,,,,,,,,,,,,,,,,,,,,,,,,,,,,,,,,,,,,,,,,,,,,,
24,19,24.0,21.0,24.0,37.0,4.0,24.0,37.0,4.0,24.0,37.0,4.0,24.0,24.0,19.0,24.0,21.0,24.0,37.0,4.0,24.0,37.0,4.0,24.0,37.0,4.0,24.0,11.0,24.0,24.0,19.0,24.0,19.0,10.0,24.0,24.0,24.0,19.0,24.0,11.0,24.0,,,,,,,,,,,,,,,,,,,,,,,,,,,,,,,,,,,,,,,,,,,,,,,,,,,,,,,,,,,,,
24,24,24.0,24.0,13.0,31.0,31.0,19.0,24.0,15.0,18.0,18.0,24.0,,,,,,,,,,,,,,,,,,,,,,,,,,,,,,,,,,,,,,,,,,,,,,,,,,,,,,,,,,,,,,,,,,,,,,,,,,,,,,,,,,,,,,,,,,
11,6,24.0,37.0,25.0,24.0,24.0,19.0,24.0,19.0,27.0,24.0,11.0,6.0,24.0,24.0,24.0,24.0,24.0,24.0,24.0,19.0,24.0,19.0,27.0,24.0,,,,,,,,,,,,,,,,,,,,,,,,,,,,,,,,,,,,,,,,,,,,,,,,,,,,,,,,,,,,,,,,,,,,,,,,,,,,,
24,24,19.0,10.0,10.0,13.0,24.0,24.0,11.0,24.0,36.0,40.0,24.0,,,,,,,,,,,,,,,,,,,,,,,,,,,,,,,,,,,,,,,,,,,,,,,,,,,,,,,,,,,,,,,,,,,,,,,,,,,,,,,,,,,,,,,,,,
24,19,10.0,13.0,24.0,11.0,24.0,19.0,24.0,24.0,24.0,24.0,24.0,24.0,24.0,24.0,24.0,24.0,24.0,24.0,24.0,24.0,24.0,24.0,24.0,11.0,39.0,2.0,24.0,,,,,,,,,,,,,,,,,,,,,,,,,,,,,,,,,,,,,,,,,,,,,,,,,,,,,,,,,,,,,,,,,,,,,,,,,,
24,24,24.0,19.0,24.0,11.0,24.0,14.0,16.0,8.0,24.0,37.0,25.0,24.0,37.0,25.0,24.0,11.0,24.0,19.0,24.0,,,,,,,,,,,,,,,,,,,,,,,,,,,,,,,,,,,,,,,,,,,,,,,,,,,,,,,,,,,,,,,,,,,,,,,,,,,,,,,,,,
24,17,11.0,24.0,19.0,10.0,24.0,37.0,5.0,24.0,24.0,11.0,24.0,17.0,42.0,24.0,37.0,25.0,24.0,,,,,,,,,,,,,,,,,,,,,,,,,,,,,,,,,,,,,,,,,,,,,,,,,,,,,,,,,,,,,,,,,,,,,,,,,,,,,,,,,,,,
24,24,24.0,24.0,24.0,24.0,24.0,24.0,24.0,24.0,24.0,24.0,24.0,24.0,24.0,24.0,24.0,,,,,,,,,,,,,,,,,,,,,,,,,,,,,,,,,,,,,,,,,,,,,,,,,,,,,,,,,,,,,,,,,,,,,,,,,,,,,,,,,,,,,,
24,19,11.0,24.0,24.0,24.0,24.0,24.0,24.0,7.0,12.0,12.0,24.0,24.0,19.0,24.0,11.0,24.0,27.0,28.0,19.0,10.0,24.0,,,,,,,,,,,,,,,,,,,,,,,,,,,,,,,,,,,,,,,,,,,,,,,,,,,,,,,,,,,,,,,,,,,,,,,,,,,,,,,,
24,24,24.0,24.0,24.0,24.0,24.0,24.0,24.0,24.0,24.0,24.0,24.0,24.0,24.0,24.0,24.0,24.0,24.0,24.0,24.0,24.0,24.0,,,,,,,,,,,,,,,,,,,,,,,,,,,,,,,,,,,,,,,,,,,,,,,,,,,,,,,,,,,,,,,,,,,,,,,,,,,,,,,,
24,19,24.0,24.0,11.0,17.0,24.0,24.0,24.0,19.0,24.0,11.0,24.0,17.0,42.0,24.0,24.0,24.0,24.0,24.0,24.0,24.0,,,,,,,,,,,,,,,,,,,,,,,,,,,,,,,,,,,,,,,,,,,,,,,,,,,,,,,,,,,,,,,,,,,,,,,,,,,,,,,,,
24,24,24.0,24.0,11.0,24.0,11.0,24.0,19.0,24.0,19.0,24.0,24.0,11.0,6.0,6.0,24.0,37.0,25.0,24.0,37.0,25.0,24.0,,,,,,,,,,,,,,,,,,,,,,,,,,,,,,,,,,,,,,,,,,,,,,,,,,,,,,,,,,,,,,,,,,,,,,,,,,,,,,,,
24,24,19.0,24.0,11.0,24.0,1.0,9.0,24.0,,,,,,,,,,,,,,,,,,,,,,,,,,,,,,,,,,,,,,,,,,,,,,,,,,,,,,,,,,,,,,,,,,,,,,,,,,,,,,,,,,,,,,,,,,,,,,
24,24,24.0,24.0,24.0,24.0,24.0,24.0,37.0,5.0,24.0,37.0,5.0,19.0,24.0,37.0,5.0,24.0,37.0,5.0,29.0,19.0,10.0,24.0,11.0,24.0,37.0,0.0,8.0,24.0,11.0,24.0,37.0,25.0,24.0,,,,,,,,,,,,,,,,,,,,,,,,,,,,,,,,,,,,,,,,,,,,,,,,,,,,,,,,,,,,,,,,,,,,
19,24,19.0,10.0,24.0,11.0,24.0,27.0,24.0,15.0,24.0,15.0,24.0,24.0,24.0,,,,,,,,,,,,,,,,,,,,,,,,,,,,,,,,,,,,,,,,,,,,,,,,,,,,,,,,,,,,,,,,,,,,,,,,,,,,,,,,,,,,,,,,
24,24,24.0,,,,,,,,,,,,,,,,,,,,,,,,,,,,,,,,,,,,,,,,,,,,,,,,,,,,,,,,,,,,,,,,,,,,,,,,,,,,,,,,,,,,,,,,,,,,,,,,,,,,
24,19,24.0,24.0,11.0,24.0,24.0,11.0,24.0,11.0,24.0,11.0,24.0,37.0,25.0,24.0,37.0,25.0,24.0,37.0,25.0,24.0,37.0,25.0,24.0,24.0,37.0,25.0,24.0,37.0,25.0,24.0,,,,,,,,,,,,,,,,,,,,,,,,,,,,,,,,,,,,,,,,,,,,,,,,,,,,,,,,,,,,,,,,,,,,,,,
24,11,19.0,24.0,24.0,11.0,24.0,37.0,5.0,29.0,19.0,24.0,11.0,19.0,24.0,,,,,,,,,,,,,,,,,,,,,,,,,,,,,,,,,,,,,,,,,,,,,,,,,,,,,,,,,,,,,,,,,,,,,,,,,,,,,,,,,,,,,,,,
19,10,24.0,11.0,24.0,37.0,25.0,24.0,19.0,10.0,24.0,11.0,17.0,24.0,24.0,24.0,17.0,11.0,24.0,,,,,,,,,,,,,,,,,,,,,,,,,,,,,,,,,,,,,,,,,,,,,,,,,,,,,,,,,,,,,,,,,,,,,,,,,,,,,,,,,,,,
24,8,41.0,24.0,11.0,24.0,11.0,24.0,24.0,11.0,24.0,37.0,25.0,24.0,37.0,25.0,24.0,,,,,,,,,,,,,,,,,,,,,,,,,,,,,,,,,,,,,,,,,,,,,,,,,,,,,,,,,,,,,,,,,,,,,,,,,,,,,,,,,,,,,,
19,10,24.0,19.0,24.0,37.0,5.0,7.0,24.0,24.0,11.0,24.0,1.0,9.0,24.0,24.0,24.0,24.0,,,,,,,,,,,,,,,,,,,,,,,,,,,,,,,,,,,,,,,,,,,,,,,,,,,,,,,,,,,,,,,,,,,,,,,,,,,,,,,,,,,,,
24,24,37.0,5.0,24.0,27.0,19.0,24.0,37.0,5.0,24.0,19.0,24.0,11.0,24.0,24.0,19.0,24.0,,,,,,,,,,,,,,,,,,,,,,,,,,,,,,,,,,,,,,,,,,,,,,,,,,,,,,,,,,,,,,,,,,,,,,,,,,,,,,,,,,,,,
24,11,24.0,27.0,19.0,24.0,37.0,5.0,24.0,24.0,37.0,5.0,19.0,27.0,24.0,11.0,17.0,42.0,42.0,24.0,24.0,19.0,27.0,24.0,11.0,24.0,37.0,25.0,24.0,24.0,27.0,19.0,24.0,11.0,24.0,,,,,,,,,,,,,,,,,,,,,,,,,,,,,,,,,,,,,,,,,,,,,,,,,,,,,,,,,,,,,,,,,,,,
24,24,24.0,24.0,24.0,24.0,24.0,24.0,24.0,27.0,24.0,19.0,24.0,19.0,24.0,,,,,,,,,,,,,,,,,,,,,,,,,,,,,,,,,,,,,,,,,,,,,,,,,,,,,,,,,,,,,,,,,,,,,,,,,,,,,,,,,,,,,,,,
24,24,24.0,24.0,24.0,27.0,19.0,24.0,24.0,19.0,24.0,11.0,24.0,24.0,14.0,16.0,16.0,8.0,24.0,37.0,25.0,24.0,24.0,24.0,24.0,14.0,8.0,24.0,37.0,25.0,24.0,37.0,25.0,24.0,11.0,27.0,19.0,24.0,,,,,,,,,,,,,,,,,,,,,,,,,,,,,,,,,,,,,,,,,,,,,,,,,,,,,,,,,,,,,,,,,
24,24,27.0,19.0,24.0,37.0,5.0,24.0,24.0,17.0,11.0,24.0,24.0,24.0,19.0,24.0,24.0,27.0,19.0,24.0,11.0,24.0,,,,,,,,,,,,,,,,,,,,,,,,,,,,,,,,,,,,,,,,,,,,,,,,,,,,,,,,,,,,,,,,,,,,,,,,,,,,,,,,,
37,5,24.0,19.0,10.0,10.0,24.0,11.0,24.0,37.0,5.0,24.0,19.0,24.0,,,,,,,,,,,,,,,,,,,,,,,,,,,,,,,,,,,,,,,,,,,,,,,,,,,,,,,,,,,,,,,,,,,,,,,,,,,,,,,,,,,,,,,,,
24,24,19.0,24.0,27.0,28.0,24.0,24.0,24.0,27.0,19.0,11.0,24.0,24.0,19.0,27.0,24.0,24.0,11.0,24.0,24.0,24.0,27.0,19.0,24.0,11.0,19.0,27.0,24.0,24.0,24.0,24.0,24.0,11.0,24.0,24.0,24.0,24.0,27.0,19.0,24.0,,,,,,,,,,,,,,,,,,,,,,,,,,,,,,,,,,,,,,,,,,,,,,,,,,,,,,,,,,,,,,
24,24,19.0,24.0,24.0,27.0,28.0,24.0,11.0,24.0,24.0,24.0,,,,,,,,,,,,,,,,,,,,,,,,,,,,,,,,,,,,,,,,,,,,,,,,,,,,,,,,,,,,,,,,,,,,,,,,,,,,,,,,,,,,,,,,,,,
24,24,24.0,19.0,24.0,37.0,5.0,24.0,37.0,5.0,24.0,24.0,19.0,10.0,10.0,24.0,37.0,5.0,24.0,37.0,5.0,24.0,24.0,19.0,24.0,37.0,5.0,24.0,37.0,5.0,24.0,24.0,19.0,10.0,24.0,37.0,24.0,24.0,37.0,5.0,24.0,24.0,19.0,24.0,37.0,5.0,24.0,37.0,5.0,24.0,24.0,19.0,24.0,37.0,5.0,24.0,37.0,5.0,24.0,24.0,24.0,5.0,29.0,37.0,33.0,33.0,33.0,33.0,33.0,33.0,33.0,33.0,33.0,33.0,24.0,37.0,25.0,24.0,37.0,25.0,11.0,27.0,19.0,24.0,37.0,24.0,37.0,4.0,21.0,24.0,24.0,25.0,24.0,37.0,24.0,24.0,25.0,24.0,37.0,24.0,24.0,,
24,24,24.0,24.0,24.0,24.0,19.0,10.0,24.0,11.0,24.0,24.0,27.0,15.0,24.0,24.0,24.0,8.0,25.0,24.0,,,,,,,,,,,,,,,,,,,,,,,,,,,,,,,,,,,,,,,,,,,,,,,,,,,,,,,,,,,,,,,,,,,,,,,,,,,,,,,,,,,
19,13,24.0,11.0,24.0,24.0,24.0,24.0,24.0,24.0,24.0,24.0,24.0,24.0,24.0,,,,,,,,,,,,,,,,,,,,,,,,,,,,,,,,,,,,,,,,,,,,,,,,,,,,,,,,,,,,,,,,,,,,,,,,,,,,,,,,,,,,,,,,
24,19,24.0,11.0,24.0,19.0,24.0,19.0,24.0,24.0,24.0,24.0,24.0,24.0,11.0,6.0,24.0,37.0,25.0,24.0,37.0,25.0,24.0,24.0,11.0,6.0,24.0,19.0,24.0,,,,,,,,,,,,,,,,,,,,,,,,,,,,,,,,,,,,,,,,,,,,,,,,,,,,,,,,,,,,,,,,,,,,,,,,,,
24,24,24.0,24.0,24.0,24.0,24.0,24.0,24.0,24.0,24.0,24.0,24.0,24.0,24.0,24.0,24.0,,,,,,,,,,,,,,,,,,,,,,,,,,,,,,,,,,,,,,,,,,,,,,,,,,,,,,,,,,,,,,,,,,,,,,,,,,,,,,,,,,,,,,
24,11,24.0,17.0,42.0,24.0,24.0,19.0,24.0,11.0,24.0,24.0,11.0,24.0,27.0,19.0,24.0,27.0,19.0,17.0,42.0,24.0,24.0,24.0,11.0,24.0,17.0,24.0,37.0,25.0,24.0,37.0,25.0,22.0,24.0,,,,,,,,,,,,,,,,,,,,,,,,,,,,,,,,,,,,,,,,,,,,,,,,,,,,,,,,,,,,,,,,,,,,
24,24,24.0,24.0,24.0,24.0,24.0,24.0,24.0,24.0,24.0,24.0,24.0,24.0,24.0,,,,,,,,,,,,,,,,,,,,,,,,,,,,,,,,,,,,,,,,,,,,,,,,,,,,,,,,,,,,,,,,,,,,,,,,,,,,,,,,,,,,,,,,
24,24,24.0,24.0,24.0,24.0,24.0,24.0,24.0,24.0,24.0,24.0,24.0,24.0,24.0,24.0,24.0,24.0,24.0,24.0,24.0,24.0,24.0,24.0,24.0,24.0,24.0,,,,,,,,,,,,,,,,,,,,,,,,,,,,,,,,,,,,,,,,,,,,,,,,,,,,,,,,,,,,,,,,,,,,,,,,,,,,
24,24,24.0,24.0,24.0,24.0,24.0,19.0,24.0,11.0,24.0,11.0,37.0,5.0,19.0,24.0,37.0,5.0,24.0,24.0,37.0,5.0,19.0,24.0,37.0,5.0,24.0,24.0,37.0,5.0,19.0,24.0,,,,,,,,,,,,,,,,,,,,,,,,,,,,,,,,,,,,,,,,,,,,,,,,,,,,,,,,,,,,,,,,,,,,,,,
24,24,24.0,24.0,19.0,27.0,28.0,28.0,28.0,24.0,24.0,11.0,24.0,19.0,27.0,28.0,24.0,24.0,5.0,29.0,24.0,37.0,33.0,33.0,33.0,33.0,24.0,24.0,24.0,24.0,24.0,24.0,24.0,24.0,24.0,24.0,24.0,24.0,24.0,24.0,24.0,24.0,24.0,15.0,24.0,35.0,24.0,35.0,24.0,,,,,,,,,,,,,,,,,,,,,,,,,,,,,,,,,,,,,,,,,,,,,,,,,,,,,,
24,24,24.0,,,,,,,,,,,,,,,,,,,,,,,,,,,,,,,,,,,,,,,,,,,,,,,,,,,,,,,,,,,,,,,,,,,,,,,,,,,,,,,,,,,,,,,,,,,,,,,,,,,,
24,24,24.0,24.0,24.0,19.0,24.0,27.0,28.0,24.0,37.0,5.0,1.0,24.0,24.0,11.0,24.0,37.0,5.0,24.0,27.0,19.0,24.0,24.0,37.0,5.0,19.0,24.0,,,,,,,,,,,,,,,,,,,,,,,,,,,,,,,,,,,,,,,,,,,,,,,,,,,,,,,,,,,,,,,,,,,,,,,,,,,
24,24,24.0,24.0,24.0,24.0,19.0,24.0,11.0,24.0,20.0,26.0,24.0,,,,,,,,,,,,,,,,,,,,,,,,,,,,,,,,,,,,,,,,,,,,,,,,,,,,,,,,,,,,,,,,,,,,,,,,,,,,,,,,,,,,,,,,,,
24,21,24.0,21.0,24.0,11.0,24.0,20.0,26.0,24.0,15.0,24.0,24.0,24.0,24.0,24.0,24.0,,,,,,,,,,,,,,,,,,,,,,,,,,,,,,,,,,,,,,,,,,,,,,,,,,,,,,,,,,,,,,,,,,,,,,,,,,,,,,,,,,,,,,
24,19,24.0,11.0,24.0,24.0,24.0,19.0,24.0,37.0,25.0,22.0,24.0,,,,,,,,,,,,,,,,,,,,,,,,,,,,,,,,,,,,,,,,,,,,,,,,,,,,,,,,,,,,,,,,,,,,,,,,,,,,,,,,,,,,,,,,,,
24,19,24.0,24.0,11.0,24.0,,,,,,,,,,,,,,,,,,,,,,,,,,,,,,,,,,,,,,,,,,,,,,,,,,,,,,,,,,,,,,,,,,,,,,,,,,,,,,,,,,,,,,,,,,,,,,,,,
20,24,24.0,24.0,24.0,24.0,20.0,26.0,26.0,26.0,24.0,24.0,24.0,24.0,24.0,24.0,24.0,24.0,24.0,24.0,24.0,24.0,24.0,24.0,24.0,37.0,0.0,30.0,30.0,24.0,,,,,,,,,,,,,,,,,,,,,,,,,,,,,,,,,,,,,,,,,,,,,,,,,,,,,,,,,,,,,,,,,,,,,,,,,
24,24,24.0,,,,,,,,,,,,,,,,,,,,,,,,,,,,,,,,,,,,,,,,,,,,,,,,,,,,,,,,,,,,,,,,,,,,,,,,,,,,,,,,,,,,,,,,,,,,,,,,,,,,
24,24,24.0,,,,,,,,,,,,,,,,,,,,,,,,,,,,,,,,,,,,,,,,,,,,,,,,,,,,,,,,,,,,,,,,,,,,,,,,,,,,,,,,,,,,,,,,,,,,,,,,,,,,
13,19,10.0,13.0,31.0,24.0,24.0,24.0,24.0,24.0,24.0,24.0,24.0,24.0,,,,,,,,,,,,,,,,,,,,,,,,,,,,,,,,,,,,,,,,,,,,,,,,,,,,,,,,,,,,,,,,,,,,,,,,,,,,,,,,,,,,,,,,,
24,24,19.0,24.0,11.0,24.0,24.0,5.0,29.0,24.0,37.0,33.0,33.0,24.0,24.0,24.0,11.0,24.0,24.0,8.0,41.0,24.0,,,,,,,,,,,,,,,,,,,,,,,,,,,,,,,,,,,,,,,,,,,,,,,,,,,,,,,,,,,,,,,,,,,,,,,,,,,,,,,,,
24,24,24.0,24.0,24.0,24.0,24.0,19.0,13.0,24.0,19.0,10.0,24.0,24.0,24.0,24.0,24.0,,,,,,,,,,,,,,,,,,,,,,,,,,,,,,,,,,,,,,,,,,,,,,,,,,,,,,,,,,,,,,,,,,,,,,,,,,,,,,,,,,,,,,
24,24,24.0,24.0,24.0,24.0,24.0,24.0,,,,,,,,,,,,,,,,,,,,,,,,,,,,,,,,,,,,,,,,,,,,,,,,,,,,,,,,,,,,,,,,,,,,,,,,,,,,,,,,,,,,,,,,,,,,,,,
24,24,24.0,24.0,13.0,19.0,10.0,10.0,10.0,10.0,10.0,24.0,24.0,24.0,24.0,24.0,,,,,,,,,,,,,,,,,,,,,,,,,,,,,,,,,,,,,,,,,,,,,,,,,,,,,,,,,,,,,,,,,,,,,,,,,,,,,,,,,,,,,,,
19,10,24.0,11.0,24.0,11.0,24.0,19.0,27.0,24.0,24.0,24.0,24.0,36.0,40.0,40.0,24.0,,,,,,,,,,,,,,,,,,,,,,,,,,,,,,,,,,,,,,,,,,,,,,,,,,,,,,,,,,,,,,,,,,,,,,,,,,,,,,,,,,,,,,
24,13,19.0,24.0,11.0,24.0,24.0,24.0,24.0,24.0,24.0,24.0,24.0,11.0,37.0,5.0,24.0,19.0,24.0,19.0,24.0,5.0,37.0,24.0,1.0,24.0,24.0,37.0,5.0,24.0,19.0,24.0,37.0,5.0,24.0,24.0,37.0,5.0,24.0,19.0,24.0,11.0,24.0,37.0,25.0,24.0,37.0,25.0,24.0,24.0,24.0,24.0,24.0,24.0,24.0,19.0,24.0,,,,,,,,,,,,,,,,,,,,,,,,,,,,,,,,,,,,,,,,,,,,,,
24,19,24.0,11.0,24.0,19.0,10.0,10.0,10.0,10.0,10.0,24.0,24.0,24.0,24.0,24.0,24.0,24.0,24.0,24.0,15.0,24.0,15.0,24.0,24.0,24.0,24.0,15.0,18.0,18.0,24.0,24.0,,,,,,,,,,,,,,,,,,,,,,,,,,,,,,,,,,,,,,,,,,,,,,,,,,,,,,,,,,,,,,,,,,,,,,,
27,19,24.0,11.0,24.0,11.0,6.0,24.0,24.0,11.0,24.0,37.0,5.0,19.0,24.0,37.0,5.0,19.0,24.0,37.0,5.0,24.0,24.0,24.0,24.0,37.0,5.0,19.0,24.0,24.0,37.0,5.0,24.0,24.0,,,,,,,,,,,,,,,,,,,,,,,,,,,,,,,,,,,,,,,,,,,,,,,,,,,,,,,,,,,,,,,,,,,,,
20,24,15.0,27.0,24.0,0.0,24.0,24.0,37.0,24.0,24.0,24.0,24.0,37.0,24.0,24.0,24.0,24.0,37.0,24.0,24.0,24.0,24.0,37.0,24.0,24.0,24.0,24.0,37.0,24.0,24.0,24.0,24.0,37.0,24.0,24.0,24.0,24.0,37.0,24.0,24.0,24.0,24.0,37.0,24.0,24.0,24.0,24.0,37.0,24.0,24.0,24.0,24.0,37.0,24.0,24.0,24.0,24.0,37.0,24.0,24.0,24.0,24.0,37.0,24.0,24.0,24.0,24.0,37.0,24.0,24.0,24.0,24.0,37.0,24.0,24.0,24.0,24.0,37.0,24.0,24.0,24.0,24.0,37.0,24.0,24.0,24.0,24.0,37.0,24.0,24.0,24.0,24.0,37.0,24.0,24.0,24.0,24.0,37.0,24.0,24.0,24.0,24.0
24,24,24.0,27.0,19.0,24.0,11.0,24.0,11.0,24.0,11.0,24.0,37.0,25.0,24.0,37.0,25.0,24.0,11.0,24.0,19.0,27.0,24.0,24.0,24.0,24.0,11.0,24.0,19.0,10.0,10.0,10.0,24.0,19.0,24.0,24.0,,,,,,,,,,,,,,,,,,,,,,,,,,,,,,,,,,,,,,,,,,,,,,,,,,,,,,,,,,,,,,,,,,,
24,24,24.0,,,,,,,,,,,,,,,,,,,,,,,,,,,,,,,,,,,,,,,,,,,,,,,,,,,,,,,,,,,,,,,,,,,,,,,,,,,,,,,,,,,,,,,,,,,,,,,,,,,,
24,19,24.0,11.0,24.0,19.0,24.0,24.0,11.0,24.0,37.0,25.0,24.0,37.0,25.0,24.0,24.0,8.0,41.0,24.0,19.0,24.0,24.0,,,,,,,,,,,,,,,,,,,,,,,,,,,,,,,,,,,,,,,,,,,,,,,,,,,,,,,,,,,,,,,,,,,,,,,,,,,,,,,,
24,24,24.0,37.0,5.0,29.0,19.0,10.0,24.0,24.0,27.0,24.0,15.0,24.0,37.0,5.0,29.0,19.0,10.0,24.0,37.0,5.0,29.0,19.0,10.0,24.0,24.0,27.0,24.0,27.0,15.0,24.0,11.0,24.0,24.0,24.0,24.0,24.0,24.0,24.0,24.0,15.0,18.0,24.0,24.0,27.0,19.0,24.0,37.0,5.0,29.0,19.0,24.0,37.0,5.0,29.0,19.0,10.0,24.0,24.0,27.0,24.0,27.0,19.0,24.0,24.0,24.0,11.0,24.0,27.0,24.0,15.0,24.0,24.0,19.0,24.0,,,,,,,,,,,,,,,,,,,,,,,,,,,
24,24,27.0,28.0,24.0,1.0,24.0,24.0,24.0,27.0,24.0,24.0,24.0,24.0,24.0,24.0,24.0,24.0,,,,,,,,,,,,,,,,,,,,,,,,,,,,,,,,,,,,,,,,,,,,,,,,,,,,,,,,,,,,,,,,,,,,,,,,,,,,,,,,,,,,,
24,24,37.0,5.0,24.0,19.0,10.0,24.0,37.0,5.0,29.0,24.0,27.0,28.0,24.0,24.0,11.0,24.0,24.0,24.0,19.0,24.0,24.0,19.0,24.0,,,,,,,,,,,,,,,,,,,,,,,,,,,,,,,,,,,,,,,,,,,,,,,,,,,,,,,,,,,,,,,,,,,,,,,,,,,,,,
24,24,19.0,24.0,11.0,24.0,37.0,25.0,24.0,24.0,37.0,25.0,24.0,24.0,27.0,19.0,11.0,24.0,,,,,,,,,,,,,,,,,,,,,,,,,,,,,,,,,,,,,,,,,,,,,,,,,,,,,,,,,,,,,,,,,,,,,,,,,,,,,,,,,,,,,
24,24,24.0,,,,,,,,,,,,,,,,,,,,,,,,,,,,,,,,,,,,,,,,,,,,,,,,,,,,,,,,,,,,,,,,,,,,,,,,,,,,,,,,,,,,,,,,,,,,,,,,,,,,
24,11,24.0,37.0,5.0,24.0,24.0,5.0,29.0,24.0,19.0,24.0,24.0,19.0,24.0,11.0,24.0,37.0,25.0,24.0,37.0,25.0,24.0,11.0,24.0,24.0,13.0,31.0,19.0,24.0,24.0,19.0,24.0,13.0,24.0,19.0,24.0,13.0,24.0,24.0,19.0,24.0,13.0,19.0,13.0,24.0,,,,,,,,,,,,,,,,,,,,,,,,,,,,,,,,,,,,,,,,,,,,,,,,,,,,,,,,,
24,24,24.0,,,,,,,,,,,,,,,,,,,,,,,,,,,,,,,,,,,,,,,,,,,,,,,,,,,,,,,,,,,,,,,,,,,,,,,,,,,,,,,,,,,,,,,,,,,,,,,,,,,,
24,24,24.0,24.0,24.0,24.0,24.0,24.0,24.0,24.0,24.0,24.0,19.0,24.0,24.0,24.0,24.0,24.0,24.0,24.0,24.0,24.0,24.0,13.0,24.0,24.0,24.0,24.0,24.0,24.0,24.0,24.0,,,,,,,,,,,,,,,,,,,,,,,,,,,,,,,,,,,,,,,,,,,,,,,,,,,,,,,,,,,,,,,,,,,,,,,
24,19,13.0,24.0,11.0,24.0,24.0,14.0,16.0,16.0,16.0,16.0,8.0,24.0,8.0,41.0,41.0,41.0,24.0,24.0,24.0,8.0,41.0,24.0,37.0,0.0,24.0,24.0,3.0,24.0,37.0,25.0,24.0,37.0,25.0,24.0,,,,,,,,,,,,,,,,,,,,,,,,,,,,,,,,,,,,,,,,,,,,,,,,,,,,,,,,,,,,,,,,,,,
19,24,19.0,27.0,24.0,19.0,24.0,21.0,38.0,38.0,24.0,37.0,4.0,24.0,24.0,24.0,11.0,24.0,1.0,9.0,24.0,24.0,24.0,24.0,,,,,,,,,,,,,,,,,,,,,,,,,,,,,,,,,,,,,,,,,,,,,,,,,,,,,,,,,,,,,,,,,,,,,,,,,,,,,,,
24,24,24.0,24.0,24.0,24.0,24.0,24.0,24.0,24.0,24.0,24.0,,,,,,,,,,,,,,,,,,,,,,,,,,,,,,,,,,,,,,,,,,,,,,,,,,,,,,,,,,,,,,,,,,,,,,,,,,,,,,,,,,,,,,,,,,,
24,24,24.0,24.0,13.0,19.0,10.0,10.0,10.0,13.0,24.0,24.0,24.0,24.0,24.0,24.0,24.0,24.0,24.0,24.0,,,,,,,,,,,,,,,,,,,,,,,,,,,,,,,,,,,,,,,,,,,,,,,,,,,,,,,,,,,,,,,,,,,,,,,,,,,,,,,,,,,
24,24,19.0,24.0,24.0,11.0,24.0,17.0,24.0,24.0,19.0,11.0,24.0,19.0,24.0,37.0,24.0,37.0,5.0,24.0,24.0,19.0,24.0,37.0,24.0,37.0,5.0,24.0,24.0,11.0,24.0,37.0,25.0,24.0,37.0,25.0,24.0,24.0,,,,,,,,,,,,,,,,,,,,,,,,,,,,,,,,,,,,,,,,,,,,,,,,,,,,,,,,,,,,,,,,,
24,24,27.0,19.0,24.0,11.0,24.0,24.0,8.0,24.0,11.0,24.0,24.0,8.0,41.0,41.0,24.0,37.0,25.0,24.0,39.0,24.0,37.0,25.0,24.0,24.0,37.0,25.0,24.0,11.0,24.0,19.0,24.0,,,,,,,,,,,,,,,,,,,,,,,,,,,,,,,,,,,,,,,,,,,,,,,,,,,,,,,,,,,,,,,,,,,,,,
24,24,11.0,24.0,24.0,19.0,24.0,11.0,24.0,37.0,25.0,24.0,19.0,24.0,24.0,11.0,24.0,,,,,,,,,,,,,,,,,,,,,,,,,,,,,,,,,,,,,,,,,,,,,,,,,,,,,,,,,,,,,,,,,,,,,,,,,,,,,,,,,,,,,,
24,24,24.0,24.0,19.0,10.0,24.0,24.0,11.0,24.0,24.0,19.0,10.0,24.0,24.0,24.0,27.0,19.0,24.0,24.0,11.0,24.0,37.0,25.0,24.0,24.0,11.0,24.0,14.0,16.0,16.0,8.0,24.0,37.0,25.0,24.0,37.0,25.0,24.0,,,,,,,,,,,,,,,,,,,,,,,,,,,,,,,,,,,,,,,,,,,,,,,,,,,,,,,,,,,,,,,,
24,24,19.0,24.0,11.0,24.0,24.0,8.0,41.0,24.0,24.0,24.0,24.0,19.0,24.0,11.0,24.0,11.0,24.0,37.0,25.0,24.0,24.0,24.0,39.0,2.0,24.0,24.0,24.0,24.0,24.0,,,,,,,,,,,,,,,,,,,,,,,,,,,,,,,,,,,,,,,,,,,,,,,,,,,,,,,,,,,,,,,,,,,,,,,,
24,14,8.0,11.0,24.0,27.0,19.0,27.0,24.0,11.0,24.0,24.0,24.0,24.0,24.0,8.0,41.0,24.0,,,,,,,,,,,,,,,,,,,,,,,,,,,,,,,,,,,,,,,,,,,,,,,,,,,,,,,,,,,,,,,,,,,,,,,,,,,,,,,,,,,,,
36,40,24.0,24.0,24.0,19.0,13.0,24.0,24.0,19.0,10.0,13.0,24.0,19.0,10.0,24.0,24.0,24.0,24.0,,,,,,,,,,,,,,,,,,,,,,,,,,,,,,,,,,,,,,,,,,,,,,,,,,,,,,,,,,,,,,,,,,,,,,,,,,,,,,,,,,,,
24,24,37.0,5.0,19.0,27.0,24.0,11.0,24.0,24.0,8.0,24.0,11.0,24.0,37.0,25.0,24.0,,,,,,,,,,,,,,,,,,,,,,,,,,,,,,,,,,,,,,,,,,,,,,,,,,,,,,,,,,,,,,,,,,,,,,,,,,,,,,,,,,,,,,
24,24,24.0,24.0,13.0,31.0,19.0,10.0,13.0,24.0,24.0,24.0,24.0,,,,,,,,,,,,,,,,,,,,,,,,,,,,,,,,,,,,,,,,,,,,,,,,,,,,,,,,,,,,,,,,,,,,,,,,,,,,,,,,,,,,,,,,,,
24,19,24.0,11.0,17.0,24.0,11.0,24.0,,,,,,,,,,,,,,,,,,,,,,,,,,,,,,,,,,,,,,,,,,,,,,,,,,,,,,,,,,,,,,,,,,,,,,,,,,,,,,,,,,,,,,,,,,,,,,,
11,24,13.0,31.0,31.0,19.0,24.0,19.0,24.0,24.0,19.0,24.0,11.0,24.0,24.0,24.0,24.0,24.0,24.0,19.0,10.0,10.0,24.0,24.0,19.0,27.0,24.0,17.0,11.0,24.0,,,,,,,,,,,,,,,,,,,,,,,,,,,,,,,,,,,,,,,,,,,,,,,,,,,,,,,,,,,,,,,,,,,,,,,,,
24,11,24.0,8.0,24.0,17.0,42.0,24.0,24.0,27.0,19.0,24.0,11.0,24.0,19.0,24.0,19.0,24.0,17.0,42.0,24.0,24.0,24.0,11.0,24.0,37.0,25.0,24.0,37.0,25.0,22.0,24.0,,,,,,,,,,,,,,,,,,,,,,,,,,,,,,,,,,,,,,,,,,,,,,,,,,,,,,,,,,,,,,,,,,,,,,,
24,11,6.0,24.0,13.0,31.0,31.0,19.0,24.0,24.0,24.0,11.0,24.0,11.0,24.0,37.0,25.0,24.0,,,,,,,,,,,,,,,,,,,,,,,,,,,,,,,,,,,,,,,,,,,,,,,,,,,,,,,,,,,,,,,,,,,,,,,,,,,,,,,,,,,,,
24,11,24.0,24.0,8.0,41.0,24.0,11.0,24.0,24.0,24.0,24.0,24.0,,,,,,,,,,,,,,,,,,,,,,,,,,,,,,,,,,,,,,,,,,,,,,,,,,,,,,,,,,,,,,,,,,,,,,,,,,,,,,,,,,,,,,,,,,
24,24,24.0,19.0,24.0,37.0,5.0,24.0,37.0,5.0,24.0,37.0,5.0,24.0,24.0,37.0,5.0,24.0,24.0,11.0,24.0,24.0,19.0,10.0,24.0,11.0,24.0,37.0,25.0,24.0,37.0,25.0,24.0,24.0,11.0,24.0,24.0,25.0,24.0,37.0,24.0,11.0,24.0,37.0,25.0,24.0,,,,,,,,,,,,,,,,,,,,,,,,,,,,,,,,,,,,,,,,,,,,,,,,,,,,,,,,,
24,24,24.0,24.0,24.0,,,,,,,,,,,,,,,,,,,,,,,,,,,,,,,,,,,,,,,,,,,,,,,,,,,,,,,,,,,,,,,,,,,,,,,,,,,,,,,,,,,,,,,,,,,,,,,,,,
24,24,19.0,24.0,11.0,24.0,24.0,37.0,5.0,19.0,24.0,1.0,24.0,37.0,5.0,24.0,24.0,37.0,5.0,19.0,24.0,,,,,,,,,,,,,,,,,,,,,,,,,,,,,,,,,,,,,,,,,,,,,,,,,,,,,,,,,,,,,,,,,,,,,,,,,,,,,,,,,,
24,24,24.0,,,,,,,,,,,,,,,,,,,,,,,,,,,,,,,,,,,,,,,,,,,,,,,,,,,,,,,,,,,,,,,,,,,,,,,,,,,,,,,,,,,,,,,,,,,,,,,,,,,,
24,8,24.0,11.0,24.0,24.0,8.0,24.0,11.0,24.0,17.0,42.0,42.0,24.0,,,,,,,,,,,,,,,,,,,,,,,,,,,,,,,,,,,,,,,,,,,,,,,,,,,,,,,,,,,,,,,,,,,,,,,,,,,,,,,,,,,,,,,,,
24,24,24.0,11.0,24.0,24.0,11.0,24.0,13.0,19.0,10.0,24.0,,,,,,,,,,,,,,,,,,,,,,,,,,,,,,,,,,,,,,,,,,,,,,,,,,,,,,,,,,,,,,,,,,,,,,,,,,,,,,,,,,,,,,,,,,,
24,27,19.0,24.0,11.0,24.0,24.0,14.0,16.0,16.0,16.0,16.0,8.0,24.0,37.0,0.0,24.0,24.0,11.0,24.0,24.0,14.0,8.0,24.0,37.0,25.0,24.0,37.0,25.0,24.0,,,,,,,,,,,,,,,,,,,,,,,,,,,,,,,,,,,,,,,,,,,,,,,,,,,,,,,,,,,,,,,,,,,,,,,,,
24,24,24.0,,,,,,,,,,,,,,,,,,,,,,,,,,,,,,,,,,,,,,,,,,,,,,,,,,,,,,,,,,,,,,,,,,,,,,,,,,,,,,,,,,,,,,,,,,,,,,,,,,,,
19,24,19.0,24.0,24.0,11.0,24.0,1.0,9.0,24.0,,,,,,,,,,,,,,,,,,,,,,,,,,,,,,,,,,,,,,,,,,,,,,,,,,,,,,,,,,,,,,,,,,,,,,,,,,,,,,,,,,,,,,,,,,,,,
24,24,24.0,15.0,18.0,24.0,24.0,24.0,24.0,24.0,15.0,24.0,37.0,24.0,15.0,24.0,37.0,24.0,15.0,24.0,37.0,24.0,11.0,24.0,15.0,24.0,37.0,24.0,15.0,24.0,37.0,24.0,15.0,24.0,37.0,24.0,,,,,,,,,,,,,,,,,,,,,,,,,,,,,,,,,,,,,,,,,,,,,,,,,,,,,,,,,,,,,,,,,,,
24,24,37.0,5.0,24.0,19.0,24.0,11.0,24.0,24.0,37.0,0.0,14.0,8.0,24.0,24.0,8.0,24.0,24.0,11.0,24.0,19.0,24.0,24.0,39.0,24.0,37.0,25.0,22.0,24.0,11.0,37.0,25.0,24.0,,,,,,,,,,,,,,,,,,,,,,,,,,,,,,,,,,,,,,,,,,,,,,,,,,,,,,,,,,,,,,,,,,,,,
24,24,24.0,,,,,,,,,,,,,,,,,,,,,,,,,,,,,,,,,,,,,,,,,,,,,,,,,,,,,,,,,,,,,,,,,,,,,,,,,,,,,,,,,,,,,,,,,,,,,,,,,,,,
24,24,19.0,24.0,11.0,24.0,37.0,25.0,24.0,37.0,25.0,24.0,11.0,27.0,19.0,24.0,,,,,,,,,,,,,,,,,,,,,,,,,,,,,,,,,,,,,,,,,,,,,,,,,,,,,,,,,,,,,,,,,,,,,,,,,,,,,,,,,,,,,,,
24,24,24.0,24.0,24.0,24.0,19.0,24.0,24.0,24.0,24.0,24.0,24.0,24.0,24.0,24.0,24.0,24.0,24.0,35.0,24.0,,,,,,,,,,,,,,,,,,,,,,,,,,,,,,,,,,,,,,,,,,,,,,,,,,,,,,,,,,,,,,,,,,,,,,,,,,,,,,,,,,
24,24,24.0,,,,,,,,,,,,,,,,,,,,,,,,,,,,,,,,,,,,,,,,,,,,,,,,,,,,,,,,,,,,,,,,,,,,,,,,,,,,,,,,,,,,,,,,,,,,,,,,,,,,
24,24,24.0,19.0,24.0,11.0,24.0,24.0,14.0,16.0,16.0,16.0,8.0,24.0,24.0,11.0,24.0,37.0,25.0,24.0,37.0,25.0,24.0,,,,,,,,,,,,,,,,,,,,,,,,,,,,,,,,,,,,,,,,,,,,,,,,,,,,,,,,,,,,,,,,,,,,,,,,,,,,,,,,
24,24,24.0,24.0,13.0,19.0,10.0,10.0,10.0,13.0,24.0,24.0,36.0,40.0,40.0,24.0,,,,,,,,,,,,,,,,,,,,,,,,,,,,,,,,,,,,,,,,,,,,,,,,,,,,,,,,,,,,,,,,,,,,,,,,,,,,,,,,,,,,,,,
24,27,19.0,24.0,24.0,11.0,24.0,37.0,25.0,24.0,37.0,25.0,24.0,19.0,24.0,,,,,,,,,,,,,,,,,,,,,,,,,,,,,,,,,,,,,,,,,,,,,,,,,,,,,,,,,,,,,,,,,,,,,,,,,,,,,,,,,,,,,,,,
24,24,19.0,10.0,10.0,13.0,24.0,11.0,24.0,11.0,6.0,24.0,24.0,19.0,27.0,24.0,37.0,25.0,24.0,37.0,25.0,22.0,24.0,,,,,,,,,,,,,,,,,,,,,,,,,,,,,,,,,,,,,,,,,,,,,,,,,,,,,,,,,,,,,,,,,,,,,,,,,,,,,,,,
11,24,,,,,,,,,,,,,,,,,,,,,,,,,,,,,,,,,,,,,,,,,,,,,,,,,,,,,,,,,,,,,,,,,,,,,,,,,,,,,,,,,,,,,,,,,,,,,,,,,,,,,
24,24,24.0,11.0,24.0,20.0,24.0,20.0,24.0,,,,,,,,,,,,,,,,,,,,,,,,,,,,,,,,,,,,,,,,,,,,,,,,,,,,,,,,,,,,,,,,,,,,,,,,,,,,,,,,,,,,,,,,,,,,,,
19,24,24.0,11.0,24.0,19.0,24.0,24.0,24.0,24.0,37.0,5.0,29.0,29.0,24.0,37.0,5.0,29.0,29.0,24.0,24.0,11.0,24.0,24.0,24.0,37.0,25.0,24.0,24.0,37.0,25.0,24.0,24.0,24.0,24.0,24.0,24.0,24.0,24.0,,,,,,,,,,,,,,,,,,,,,,,,,,,,,,,,,,,,,,,,,,,,,,,,,,,,,,,,,,,,,,,,
27,19,24.0,1.0,24.0,37.0,5.0,24.0,24.0,11.0,24.0,1.0,9.0,24.0,11.0,24.0,24.0,24.0,,,,,,,,,,,,,,,,,,,,,,,,,,,,,,,,,,,,,,,,,,,,,,,,,,,,,,,,,,,,,,,,,,,,,,,,,,,,,,,,,,,,,
24,24,24.0,,,,,,,,,,,,,,,,,,,,,,,,,,,,,,,,,,,,,,,,,,,,,,,,,,,,,,,,,,,,,,,,,,,,,,,,,,,,,,,,,,,,,,,,,,,,,,,,,,,,
24,27,28.0,19.0,10.0,24.0,19.0,10.0,24.0,24.0,19.0,10.0,24.0,11.0,24.0,24.0,24.0,24.0,24.0,24.0,27.0,28.0,28.0,19.0,10.0,24.0,11.0,24.0,11.0,19.0,24.0,27.0,19.0,17.0,24.0,24.0,24.0,11.0,24.0,27.0,19.0,24.0,,,,,,,,,,,,,,,,,,,,,,,,,,,,,,,,,,,,,,,,,,,,,,,,,,,,,,,,,,,,,
19,10,24.0,37.0,5.0,29.0,24.0,24.0,11.0,24.0,1.0,9.0,9.0,24.0,,,,,,,,,,,,,,,,,,,,,,,,,,,,,,,,,,,,,,,,,,,,,,,,,,,,,,,,,,,,,,,,,,,,,,,,,,,,,,,,,,,,,,,,,
24,37,25.0,24.0,11.0,24.0,24.0,19.0,24.0,11.0,24.0,37.0,25.0,24.0,37.0,25.0,24.0,24.0,19.0,24.0,24.0,11.0,24.0,24.0,8.0,24.0,,,,,,,,,,,,,,,,,,,,,,,,,,,,,,,,,,,,,,,,,,,,,,,,,,,,,,,,,,,,,,,,,,,,,,,,,,,,,
24,24,24.0,,,,,,,,,,,,,,,,,,,,,,,,,,,,,,,,,,,,,,,,,,,,,,,,,,,,,,,,,,,,,,,,,,,,,,,,,,,,,,,,,,,,,,,,,,,,,,,,,,,,
19,10,10.0,24.0,19.0,10.0,24.0,19.0,24.0,19.0,10.0,24.0,19.0,24.0,24.0,24.0,24.0,24.0,24.0,24.0,24.0,19.0,10.0,10.0,24.0,19.0,24.0,24.0,19.0,10.0,24.0,19.0,24.0,24.0,11.0,24.0,1.0,24.0,,,,,,,,,,,,,,,,,,,,,,,,,,,,,,,,,,,,,,,,,,,,,,,,,,,,,,,,,,,,,,,,,
19,24,37.0,24.0,24.0,24.0,24.0,24.0,37.0,13.0,31.0,24.0,11.0,24.0,24.0,36.0,40.0,40.0,24.0,,,,,,,,,,,,,,,,,,,,,,,,,,,,,,,,,,,,,,,,,,,,,,,,,,,,,,,,,,,,,,,,,,,,,,,,,,,,,,,,,,,,
27,19,24.0,24.0,37.0,5.0,29.0,24.0,37.0,5.0,24.0,37.0,5.0,24.0,24.0,24.0,11.0,24.0,24.0,24.0,24.0,24.0,24.0,24.0,24.0,24.0,,,,,,,,,,,,,,,,,,,,,,,,,,,,,,,,,,,,,,,,,,,,,,,,,,,,,,,,,,,,,,,,,,,,,,,,,,,,,
24,24,19.0,24.0,11.0,24.0,24.0,24.0,24.0,,,,,,,,,,,,,,,,,,,,,,,,,,,,,,,,,,,,,,,,,,,,,,,,,,,,,,,,,,,,,,,,,,,,,,,,,,,,,,,,,,,,,,,,,,,,,,
24,5,29.0,24.0,15.0,24.0,15.0,24.0,37.0,33.0,33.0,24.0,37.0,33.0,33.0,24.0,24.0,37.0,33.0,33.0,24.0,,,,,,,,,,,,,,,,,,,,,,,,,,,,,,,,,,,,,,,,,,,,,,,,,,,,,,,,,,,,,,,,,,,,,,,,,,,,,,,,,,
24,8,24.0,11.0,24.0,37.0,25.0,24.0,11.0,24.0,24.0,24.0,24.0,19.0,24.0,24.0,24.0,24.0,24.0,24.0,24.0,19.0,24.0,24.0,24.0,24.0,24.0,24.0,24.0,24.0,24.0,24.0,24.0,24.0,,,,,,,,,,,,,,,,,,,,,,,,,,,,,,,,,,,,,,,,,,,,,,,,,,,,,,,,,,,,,,,,,,,,,
24,24,24.0,7.0,12.0,24.0,27.0,19.0,24.0,24.0,37.0,5.0,29.0,19.0,27.0,24.0,37.0,5.0,24.0,24.0,11.0,24.0,19.0,24.0,37.0,5.0,24.0,24.0,11.0,24.0,24.0,17.0,11.0,24.0,24.0,19.0,24.0,,,,,,,,,,,,,,,,,,,,,,,,,,,,,,,,,,,,,,,,,,,,,,,,,,,,,,,,,,,,,,,,,,
11,24,37.0,25.0,24.0,37.0,25.0,24.0,24.0,24.0,11.0,13.0,31.0,19.0,35.0,24.0,,,,,,,,,,,,,,,,,,,,,,,,,,,,,,,,,,,,,,,,,,,,,,,,,,,,,,,,,,,,,,,,,,,,,,,,,,,,,,,,,,,,,,,
24,24,14.0,19.0,24.0,15.0,18.0,11.0,24.0,15.0,18.0,18.0,18.0,18.0,18.0,18.0,18.0,18.0,24.0,15.0,18.0,18.0,18.0,18.0,18.0,18.0,18.0,18.0,24.0,24.0,,,,,,,,,,,,,,,,,,,,,,,,,,,,,,,,,,,,,,,,,,,,,,,,,,,,,,,,,,,,,,,,,,,,,,,,,
24,24,24.0,36.0,24.0,24.0,24.0,24.0,13.0,19.0,24.0,24.0,24.0,24.0,24.0,24.0,24.0,24.0,24.0,,,,,,,,,,,,,,,,,,,,,,,,,,,,,,,,,,,,,,,,,,,,,,,,,,,,,,,,,,,,,,,,,,,,,,,,,,,,,,,,,,,,
24,25,24.0,24.0,24.0,19.0,24.0,11.0,24.0,37.0,24.0,37.0,5.0,19.0,27.0,28.0,24.0,,,,,,,,,,,,,,,,,,,,,,,,,,,,,,,,,,,,,,,,,,,,,,,,,,,,,,,,,,,,,,,,,,,,,,,,,,,,,,,,,,,,,,
24,24,27.0,28.0,19.0,11.0,24.0,24.0,27.0,24.0,7.0,19.0,24.0,37.0,5.0,24.0,24.0,19.0,24.0,37.0,5.0,24.0,24.0,11.0,24.0,24.0,19.0,24.0,11.0,24.0,37.0,25.0,24.0,24.0,24.0,24.0,19.0,11.0,24.0,24.0,14.0,8.0,24.0,37.0,25.0,24.0,,,,,,,,,,,,,,,,,,,,,,,,,,,,,,,,,,,,,,,,,,,,,,,,,,,,,,,,,
24,37,25.0,24.0,,,,,,,,,,,,,,,,,,,,,,,,,,,,,,,,,,,,,,,,,,,,,,,,,,,,,,,,,,,,,,,,,,,,,,,,,,,,,,,,,,,,,,,,,,,,,,,,,,,
24,27,24.0,19.0,24.0,37.0,5.0,24.0,37.0,5.0,24.0,24.0,19.0,10.0,10.0,24.0,37.0,5.0,24.0,37.0,5.0,24.0,24.0,19.0,24.0,37.0,5.0,24.0,37.0,5.0,24.0,24.0,19.0,10.0,24.0,37.0,5.0,24.0,37.0,5.0,24.0,24.0,19.0,24.0,37.0,5.0,24.0,37.0,5.0,24.0,24.0,24.0,19.0,24.0,37.0,5.0,24.0,37.0,5.0,24.0,24.0,24.0,5.0,29.0,37.0,33.0,33.0,33.0,33.0,33.0,33.0,33.0,33.0,33.0,33.0,24.0,11.0,17.0,24.0,11.0,24.0,37.0,25.0,24.0,37.0,25.0,24.0,,,,,,,,,,,,,,,,
7,12,24.0,24.0,27.0,24.0,19.0,24.0,19.0,24.0,24.0,11.0,24.0,27.0,19.0,24.0,,,,,,,,,,,,,,,,,,,,,,,,,,,,,,,,,,,,,,,,,,,,,,,,,,,,,,,,,,,,,,,,,,,,,,,,,,,,,,,,,,,,,,,
24,11,24.0,37.0,25.0,24.0,37.0,25.0,24.0,24.0,8.0,24.0,11.0,24.0,17.0,42.0,24.0,24.0,,,,,,,,,,,,,,,,,,,,,,,,,,,,,,,,,,,,,,,,,,,,,,,,,,,,,,,,,,,,,,,,,,,,,,,,,,,,,,,,,,,,,
19,24,19.0,10.0,10.0,24.0,24.0,11.0,24.0,1.0,9.0,9.0,9.0,9.0,9.0,9.0,9.0,24.0,24.0,24.0,24.0,37.0,5.0,29.0,29.0,29.0,24.0,24.0,,,,,,,,,,,,,,,,,,,,,,,,,,,,,,,,,,,,,,,,,,,,,,,,,,,,,,,,,,,,,,,,,,,,,,,,,,,
24,24,11.0,24.0,37.0,25.0,24.0,37.0,25.0,24.0,24.0,19.0,24.0,11.0,24.0,37.0,25.0,24.0,11.0,24.0,19.0,24.0,24.0,24.0,11.0,24.0,19.0,24.0,24.0,19.0,24.0,11.0,24.0,11.0,17.0,39.0,24.0,,,,,,,,,,,,,,,,,,,,,,,,,,,,,,,,,,,,,,,,,,,,,,,,,,,,,,,,,,,,,,,,,,
14,16,16.0,8.0,24.0,8.0,24.0,24.0,11.0,24.0,1.0,9.0,9.0,24.0,,,,,,,,,,,,,,,,,,,,,,,,,,,,,,,,,,,,,,,,,,,,,,,,,,,,,,,,,,,,,,,,,,,,,,,,,,,,,,,,,,,,,,,,,
24,24,24.0,24.0,24.0,24.0,24.0,24.0,24.0,24.0,24.0,24.0,24.0,24.0,24.0,24.0,24.0,24.0,,,,,,,,,,,,,,,,,,,,,,,,,,,,,,,,,,,,,,,,,,,,,,,,,,,,,,,,,,,,,,,,,,,,,,,,,,,,,,,,,,,,,
24,24,24.0,24.0,24.0,24.0,24.0,24.0,24.0,24.0,24.0,24.0,24.0,24.0,24.0,24.0,24.0,24.0,24.0,24.0,24.0,24.0,24.0,,,,,,,,,,,,,,,,,,,,,,,,,,,,,,,,,,,,,,,,,,,,,,,,,,,,,,,,,,,,,,,,,,,,,,,,,,,,,,,,
7,12,24.0,27.0,28.0,28.0,19.0,24.0,37.0,5.0,24.0,24.0,19.0,24.0,37.0,5.0,24.0,24.0,19.0,24.0,37.0,5.0,24.0,24.0,24.0,19.0,24.0,37.0,5.0,24.0,24.0,11.0,24.0,24.0,14.0,16.0,8.0,24.0,24.0,24.0,19.0,8.0,41.0,24.0,24.0,24.0,24.0,11.0,24.0,24.0,8.0,41.0,11.0,24.0,37.0,25.0,24.0,,,,,,,,,,,,,,,,,,,,,,,,,,,,,,,,,,,,,,,,,,,,,,
19,24,11.0,24.0,27.0,19.0,11.0,24.0,24.0,8.0,41.0,24.0,24.0,3.0,23.0,24.0,37.0,0.0,30.0,24.0,3.0,24.0,37.0,0.0,30.0,24.0,37.0,0.0,24.0,,,,,,,,,,,,,,,,,,,,,,,,,,,,,,,,,,,,,,,,,,,,,,,,,,,,,,,,,,,,,,,,,,,,,,,,,,
27,19,24.0,15.0,24.0,15.0,24.0,24.0,37.0,24.0,19.0,24.0,15.0,24.0,15.0,24.0,37.0,24.0,24.0,19.0,10.0,10.0,24.0,15.0,24.0,15.0,24.0,37.0,24.0,24.0,19.0,24.0,15.0,24.0,15.0,24.0,37.0,24.0,27.0,24.0,24.0,11.0,24.0,37.0,25.0,24.0,37.0,25.0,24.0,11.0,24.0,19.0,24.0,19.0,24.0,19.0,24.0,24.0,19.0,24.0,24.0,24.0,24.0,,,,,,,,,,,,,,,,,,,,,,,,,,,,,,,,,,,,,,,,
24,24,19.0,24.0,11.0,24.0,24.0,11.0,24.0,20.0,24.0,20.0,26.0,24.0,24.0,24.0,20.0,26.0,26.0,24.0,24.0,24.0,27.0,19.0,24.0,,,,,,,,,,,,,,,,,,,,,,,,,,,,,,,,,,,,,,,,,,,,,,,,,,,,,,,,,,,,,,,,,,,,,,,,,,,,,,
24,27,24.0,19.0,24.0,37.0,5.0,24.0,37.0,5.0,24.0,24.0,19.0,10.0,10.0,24.0,37.0,5.0,24.0,37.0,5.0,24.0,24.0,19.0,24.0,37.0,5.0,24.0,37.0,5.0,24.0,24.0,19.0,10.0,24.0,37.0,5.0,24.0,24.0,24.0,24.0,19.0,24.0,37.0,5.0,24.0,24.0,24.0,24.0,24.0,19.0,24.0,37.0,5.0,24.0,24.0,24.0,24.0,24.0,5.0,29.0,37.0,33.0,33.0,33.0,33.0,33.0,33.0,33.0,33.0,33.0,33.0,24.0,11.0,24.0,37.0,25.0,24.0,24.0,24.0,24.0,24.0,24.0,25.0,24.0,37.0,24.0,37.0,24.0,24.0,24.0,24.0,,,,,,,,,,,
24,24,24.0,37.0,5.0,24.0,37.0,5.0,29.0,19.0,24.0,24.0,11.0,24.0,24.0,19.0,24.0,11.0,24.0,37.0,25.0,24.0,37.0,25.0,24.0,24.0,19.0,24.0,24.0,,,,,,,,,,,,,,,,,,,,,,,,,,,,,,,,,,,,,,,,,,,,,,,,,,,,,,,,,,,,,,,,,,,,,,,,,,
24,24,24.0,24.0,24.0,13.0,19.0,24.0,11.0,24.0,19.0,27.0,24.0,24.0,24.0,24.0,24.0,24.0,24.0,15.0,27.0,24.0,17.0,24.0,11.0,6.0,24.0,,,,,,,,,,,,,,,,,,,,,,,,,,,,,,,,,,,,,,,,,,,,,,,,,,,,,,,,,,,,,,,,,,,,,,,,,,,,
19,10,10.0,10.0,24.0,11.0,24.0,24.0,24.0,24.0,19.0,10.0,24.0,19.0,24.0,24.0,19.0,24.0,19.0,24.0,1.0,24.0,24.0,11.0,24.0,37.0,24.0,24.0,19.0,10.0,24.0,11.0,24.0,37.0,4.0,21.0,24.0,11.0,24.0,24.0,19.0,24.0,1.0,24.0,24.0,24.0,24.0,19.0,10.0,24.0,1.0,24.0,24.0,27.0,24.0,,,,,,,,,,,,,,,,,,,,,,,,,,,,,,,,,,,,,,,,,,,,,,,,
24,24,24.0,24.0,24.0,24.0,24.0,24.0,24.0,24.0,24.0,24.0,24.0,24.0,24.0,24.0,24.0,24.0,24.0,24.0,24.0,24.0,24.0,24.0,24.0,24.0,24.0,24.0,24.0,24.0,24.0,24.0,24.0,24.0,24.0,,,,,,,,,,,,,,,,,,,,,,,,,,,,,,,,,,,,,,,,,,,,,,,,,,,,,,,,,,,,,,,,,,,,
24,24,24.0,19.0,24.0,24.0,11.0,24.0,19.0,24.0,19.0,27.0,24.0,37.0,5.0,29.0,29.0,24.0,37.0,5.0,19.0,24.0,24.0,24.0,37.0,25.0,24.0,24.0,24.0,37.0,25.0,11.0,24.0,37.0,5.0,19.0,24.0,,,,,,,,,,,,,,,,,,,,,,,,,,,,,,,,,,,,,,,,,,,,,,,,,,,,,,,,,,,,,,,,,,
24,24,24.0,,,,,,,,,,,,,,,,,,,,,,,,,,,,,,,,,,,,,,,,,,,,,,,,,,,,,,,,,,,,,,,,,,,,,,,,,,,,,,,,,,,,,,,,,,,,,,,,,,,,
24,24,19.0,27.0,24.0,27.0,19.0,24.0,27.0,24.0,24.0,27.0,24.0,21.0,24.0,,,,,,,,,,,,,,,,,,,,,,,,,,,,,,,,,,,,,,,,,,,,,,,,,,,,,,,,,,,,,,,,,,,,,,,,,,,,,,,,,,,,,,,,
20,24,15.0,27.0,24.0,0.0,24.0,24.0,37.0,24.0,24.0,24.0,24.0,37.0,24.0,24.0,24.0,24.0,37.0,24.0,24.0,24.0,24.0,37.0,24.0,24.0,24.0,24.0,37.0,24.0,24.0,24.0,24.0,37.0,24.0,24.0,24.0,24.0,37.0,24.0,24.0,24.0,24.0,37.0,24.0,24.0,24.0,24.0,37.0,24.0,24.0,24.0,24.0,37.0,24.0,24.0,24.0,24.0,37.0,24.0,24.0,24.0,24.0,,,,,,,,,,,,,,,,,,,,,,,,,,,,,,,,,,,,,,,,
20,24,15.0,27.0,24.0,0.0,24.0,24.0,37.0,24.0,24.0,24.0,24.0,37.0,24.0,24.0,24.0,24.0,37.0,24.0,24.0,24.0,24.0,37.0,24.0,24.0,24.0,24.0,37.0,24.0,24.0,24.0,24.0,37.0,24.0,24.0,24.0,24.0,37.0,24.0,24.0,24.0,24.0,37.0,24.0,24.0,24.0,24.0,37.0,24.0,24.0,24.0,24.0,37.0,24.0,24.0,24.0,24.0,37.0,24.0,24.0,24.0,24.0,37.0,24.0,24.0,24.0,24.0,37.0,24.0,24.0,24.0,24.0,37.0,24.0,24.0,24.0,24.0,37.0,24.0,24.0,24.0,24.0,37.0,24.0,24.0,24.0,24.0,,,,,,,,,,,,,,,
24,19,13.0,19.0,13.0,24.0,11.0,24.0,11.0,24.0,19.0,24.0,19.0,24.0,,,,,,,,,,,,,,,,,,,,,,,,,,,,,,,,,,,,,,,,,,,,,,,,,,,,,,,,,,,,,,,,,,,,,,,,,,,,,,,,,,,,,,,,,
24,24,24.0,24.0,24.0,24.0,24.0,24.0,11.0,24.0,15.0,24.0,24.0,24.0,27.0,19.0,35.0,34.0,24.0,,,,,,,,,,,,,,,,,,,,,,,,,,,,,,,,,,,,,,,,,,,,,,,,,,,,,,,,,,,,,,,,,,,,,,,,,,,,,,,,,,,,
24,27,24.0,37.0,5.0,24.0,19.0,24.0,19.0,24.0,37.0,5.0,19.0,10.0,24.0,19.0,24.0,24.0,37.0,5.0,24.0,19.0,24.0,11.0,24.0,24.0,19.0,24.0,11.0,24.0,24.0,24.0,37.0,25.0,24.0,,,,,,,,,,,,,,,,,,,,,,,,,,,,,,,,,,,,,,,,,,,,,,,,,,,,,,,,,,,,,,,,,,,,
24,24,27.0,19.0,24.0,11.0,24.0,24.0,14.0,16.0,16.0,8.0,24.0,24.0,14.0,16.0,8.0,24.0,,,,,,,,,,,,,,,,,,,,,,,,,,,,,,,,,,,,,,,,,,,,,,,,,,,,,,,,,,,,,,,,,,,,,,,,,,,,,,,,,,,,,
24,24,24.0,24.0,11.0,17.0,42.0,24.0,11.0,24.0,19.0,13.0,24.0,24.0,27.0,19.0,27.0,35.0,34.0,24.0,,,,,,,,,,,,,,,,,,,,,,,,,,,,,,,,,,,,,,,,,,,,,,,,,,,,,,,,,,,,,,,,,,,,,,,,,,,,,,,,,,,
24,24,24.0,19.0,24.0,11.0,24.0,37.0,25.0,24.0,37.0,25.0,24.0,24.0,27.0,19.0,27.0,24.0,24.0,24.0,24.0,24.0,24.0,15.0,24.0,24.0,19.0,10.0,10.0,24.0,,,,,,,,,,,,,,,,,,,,,,,,,,,,,,,,,,,,,,,,,,,,,,,,,,,,,,,,,,,,,,,,,,,,,,,,,
24,24,24.0,37.0,5.0,27.0,19.0,27.0,24.0,37.0,5.0,24.0,24.0,24.0,27.0,19.0,27.0,24.0,,,,,,,,,,,,,,,,,,,,,,,,,,,,,,,,,,,,,,,,,,,,,,,,,,,,,,,,,,,,,,,,,,,,,,,,,,,,,,,,,,,,,
24,24,24.0,24.0,24.0,24.0,24.0,24.0,24.0,24.0,24.0,24.0,24.0,24.0,24.0,24.0,24.0,24.0,24.0,24.0,24.0,24.0,,,,,,,,,,,,,,,,,,,,,,,,,,,,,,,,,,,,,,,,,,,,,,,,,,,,,,,,,,,,,,,,,,,,,,,,,,,,,,,,,
24,24,24.0,,,,,,,,,,,,,,,,,,,,,,,,,,,,,,,,,,,,,,,,,,,,,,,,,,,,,,,,,,,,,,,,,,,,,,,,,,,,,,,,,,,,,,,,,,,,,,,,,,,,
24,19,24.0,24.0,19.0,27.0,24.0,11.0,24.0,11.0,24.0,37.0,25.0,24.0,,,,,,,,,,,,,,,,,,,,,,,,,,,,,,,,,,,,,,,,,,,,,,,,,,,,,,,,,,,,,,,,,,,,,,,,,,,,,,,,,,,,,,,,,
24,24,24.0,,,,,,,,,,,,,,,,,,,,,,,,,,,,,,,,,,,,,,,,,,,,,,,,,,,,,,,,,,,,,,,,,,,,,,,,,,,,,,,,,,,,,,,,,,,,,,,,,,,,
27,28,19.0,24.0,37.0,24.0,11.0,24.0,37.0,4.0,21.0,24.0,24.0,24.0,24.0,20.0,26.0,24.0,,,,,,,,,,,,,,,,,,,,,,,,,,,,,,,,,,,,,,,,,,,,,,,,,,,,,,,,,,,,,,,,,,,,,,,,,,,,,,,,,,,,,
24,27,24.0,24.0,19.0,10.0,24.0,19.0,10.0,24.0,19.0,10.0,24.0,24.0,7.0,12.0,24.0,11.0,17.0,24.0,11.0,24.0,,,,,,,,,,,,,,,,,,,,,,,,,,,,,,,,,,,,,,,,,,,,,,,,,,,,,,,,,,,,,,,,,,,,,,,,,,,,,,,,,
24,24,19.0,24.0,11.0,24.0,11.0,24.0,17.0,24.0,37.0,25.0,24.0,37.0,25.0,24.0,,,,,,,,,,,,,,,,,,,,,,,,,,,,,,,,,,,,,,,,,,,,,,,,,,,,,,,,,,,,,,,,,,,,,,,,,,,,,,,,,,,,,,,
24,8,24.0,24.0,24.0,11.0,17.0,24.0,17.0,42.0,24.0,,,,,,,,,,,,,,,,,,,,,,,,,,,,,,,,,,,,,,,,,,,,,,,,,,,,,,,,,,,,,,,,,,,,,,,,,,,,,,,,,,,,,,,,,,,,
24,24,19.0,10.0,13.0,24.0,11.0,24.0,11.0,24.0,24.0,27.0,28.0,19.0,37.0,25.0,24.0,24.0,24.0,24.0,11.0,24.0,19.0,10.0,24.0,24.0,,,,,,,,,,,,,,,,,,,,,,,,,,,,,,,,,,,,,,,,,,,,,,,,,,,,,,,,,,,,,,,,,,,,,,,,,,,,,
11,24,,,,,,,,,,,,,,,,,,,,,,,,,,,,,,,,,,,,,,,,,,,,,,,,,,,,,,,,,,,,,,,,,,,,,,,,,,,,,,,,,,,,,,,,,,,,,,,,,,,,,
24,24,24.0,24.0,24.0,24.0,24.0,24.0,24.0,24.0,24.0,24.0,24.0,24.0,24.0,24.0,24.0,24.0,24.0,24.0,24.0,24.0,24.0,24.0,24.0,24.0,24.0,,,,,,,,,,,,,,,,,,,,,,,,,,,,,,,,,,,,,,,,,,,,,,,,,,,,,,,,,,,,,,,,,,,,,,,,,,,,
24,24,24.0,24.0,24.0,19.0,24.0,24.0,11.0,24.0,24.0,37.0,0.0,14.0,16.0,16.0,16.0,8.0,24.0,11.0,24.0,24.0,8.0,24.0,37.0,25.0,24.0,37.0,25.0,24.0,,,,,,,,,,,,,,,,,,,,,,,,,,,,,,,,,,,,,,,,,,,,,,,,,,,,,,,,,,,,,,,,,,,,,,,,,
24,24,24.0,,,,,,,,,,,,,,,,,,,,,,,,,,,,,,,,,,,,,,,,,,,,,,,,,,,,,,,,,,,,,,,,,,,,,,,,,,,,,,,,,,,,,,,,,,,,,,,,,,,,
24,24,24.0,,,,,,,,,,,,,,,,,,,,,,,,,,,,,,,,,,,,,,,,,,,,,,,,,,,,,,,,,,,,,,,,,,,,,,,,,,,,,,,,,,,,,,,,,,,,,,,,,,,,
24,11,24.0,19.0,24.0,27.0,24.0,19.0,24.0,27.0,28.0,24.0,24.0,24.0,7.0,27.0,28.0,24.0,19.0,24.0,11.0,24.0,24.0,24.0,24.0,24.0,27.0,19.0,27.0,24.0,11.0,19.0,27.0,24.0,,,,,,,,,,,,,,,,,,,,,,,,,,,,,,,,,,,,,,,,,,,,,,,,,,,,,,,,,,,,,,,,,,,,,
24,15,24.0,24.0,11.0,24.0,37.0,24.0,37.0,5.0,29.0,24.0,11.0,24.0,19.0,24.0,24.0,,,,,,,,,,,,,,,,,,,,,,,,,,,,,,,,,,,,,,,,,,,,,,,,,,,,,,,,,,,,,,,,,,,,,,,,,,,,,,,,,,,,,,
24,24,24.0,,,,,,,,,,,,,,,,,,,,,,,,,,,,,,,,,,,,,,,,,,,,,,,,,,,,,,,,,,,,,,,,,,,,,,,,,,,,,,,,,,,,,,,,,,,,,,,,,,,,
24,19,24.0,24.0,11.0,24.0,17.0,24.0,24.0,19.0,24.0,11.0,24.0,8.0,41.0,41.0,41.0,24.0,24.0,24.0,24.0,15.0,18.0,24.0,37.0,25.0,24.0,24.0,15.0,18.0,24.0,27.0,24.0,11.0,24.0,24.0,19.0,24.0,37.0,4.0,21.0,38.0,24.0,,,,,,,,,,,,,,,,,,,,,,,,,,,,,,,,,,,,,,,,,,,,,,,,,,,,,,,,,,,,
24,24,14.0,16.0,16.0,8.0,24.0,11.0,24.0,37.0,25.0,24.0,37.0,5.0,24.0,19.0,24.0,37.0,5.0,24.0,37.0,5.0,19.0,24.0,,,,,,,,,,,,,,,,,,,,,,,,,,,,,,,,,,,,,,,,,,,,,,,,,,,,,,,,,,,,,,,,,,,,,,,,,,,,,,,
24,19,27.0,24.0,11.0,24.0,24.0,8.0,41.0,24.0,24.0,24.0,19.0,27.0,11.0,24.0,24.0,8.0,41.0,24.0,,,,,,,,,,,,,,,,,,,,,,,,,,,,,,,,,,,,,,,,,,,,,,,,,,,,,,,,,,,,,,,,,,,,,,,,,,,,,,,,,,,
24,24,24.0,11.0,24.0,24.0,19.0,24.0,11.0,24.0,11.0,24.0,27.0,19.0,24.0,27.0,19.0,24.0,24.0,24.0,24.0,24.0,19.0,24.0,24.0,24.0,24.0,24.0,19.0,24.0,,,,,,,,,,,,,,,,,,,,,,,,,,,,,,,,,,,,,,,,,,,,,,,,,,,,,,,,,,,,,,,,,,,,,,,,,
24,19,24.0,11.0,24.0,24.0,24.0,24.0,24.0,24.0,35.0,24.0,,,,,,,,,,,,,,,,,,,,,,,,,,,,,,,,,,,,,,,,,,,,,,,,,,,,,,,,,,,,,,,,,,,,,,,,,,,,,,,,,,,,,,,,,,,
24,24,24.0,24.0,24.0,24.0,24.0,24.0,24.0,19.0,24.0,24.0,24.0,24.0,27.0,24.0,19.0,24.0,19.0,10.0,10.0,10.0,24.0,24.0,24.0,24.0,24.0,27.0,24.0,24.0,24.0,11.0,19.0,17.0,24.0,19.0,24.0,15.0,24.0,24.0,15.0,24.0,24.0,15.0,24.0,24.0,24.0,19.0,24.0,24.0,,,,,,,,,,,,,,,,,,,,,,,,,,,,,,,,,,,,,,,,,,,,,,,,,,,,,
13,24,19.0,24.0,24.0,24.0,24.0,24.0,24.0,24.0,24.0,24.0,24.0,24.0,24.0,24.0,24.0,24.0,24.0,24.0,24.0,24.0,,,,,,,,,,,,,,,,,,,,,,,,,,,,,,,,,,,,,,,,,,,,,,,,,,,,,,,,,,,,,,,,,,,,,,,,,,,,,,,,,
24,24,24.0,8.0,11.0,24.0,37.0,25.0,24.0,24.0,24.0,11.0,24.0,27.0,19.0,24.0,24.0,24.0,24.0,24.0,8.0,24.0,24.0,8.0,24.0,24.0,24.0,11.0,24.0,11.0,24.0,24.0,17.0,39.0,24.0,24.0,24.0,24.0,24.0,24.0,37.0,25.0,24.0,24.0,24.0,24.0,24.0,35.0,24.0,,,,,,,,,,,,,,,,,,,,,,,,,,,,,,,,,,,,,,,,,,,,,,,,,,,,,,
24,24,24.0,24.0,24.0,37.0,5.0,24.0,19.0,27.0,24.0,1.0,9.0,24.0,24.0,11.0,24.0,24.0,37.0,5.0,24.0,19.0,24.0,37.0,5.0,24.0,27.0,28.0,24.0,17.0,11.0,24.0,17.0,42.0,24.0,24.0,37.0,25.0,24.0,24.0,,,,,,,,,,,,,,,,,,,,,,,,,,,,,,,,,,,,,,,,,,,,,,,,,,,,,,,,,,,,,,,
24,24,11.0,24.0,37.0,25.0,24.0,37.0,25.0,24.0,24.0,24.0,19.0,24.0,11.0,24.0,24.0,14.0,16.0,16.0,8.0,24.0,11.0,6.0,24.0,37.0,25.0,24.0,37.0,25.0,24.0,37.0,25.0,24.0,37.0,25.0,24.0,24.0,14.0,8.0,24.0,,,,,,,,,,,,,,,,,,,,,,,,,,,,,,,,,,,,,,,,,,,,,,,,,,,,,,,,,,,,,,
24,19,27.0,24.0,11.0,24.0,24.0,8.0,24.0,24.0,24.0,24.0,11.0,24.0,13.0,19.0,10.0,10.0,10.0,13.0,31.0,24.0,,,,,,,,,,,,,,,,,,,,,,,,,,,,,,,,,,,,,,,,,,,,,,,,,,,,,,,,,,,,,,,,,,,,,,,,,,,,,,,,,
24,24,27.0,19.0,24.0,11.0,24.0,37.0,25.0,24.0,37.0,25.0,24.0,19.0,27.0,24.0,,,,,,,,,,,,,,,,,,,,,,,,,,,,,,,,,,,,,,,,,,,,,,,,,,,,,,,,,,,,,,,,,,,,,,,,,,,,,,,,,,,,,,,
24,24,24.0,,,,,,,,,,,,,,,,,,,,,,,,,,,,,,,,,,,,,,,,,,,,,,,,,,,,,,,,,,,,,,,,,,,,,,,,,,,,,,,,,,,,,,,,,,,,,,,,,,,,
24,19,27.0,28.0,24.0,24.0,21.0,24.0,37.0,4.0,24.0,37.0,4.0,24.0,11.0,17.0,24.0,19.0,24.0,37.0,25.0,24.0,,,,,,,,,,,,,,,,,,,,,,,,,,,,,,,,,,,,,,,,,,,,,,,,,,,,,,,,,,,,,,,,,,,,,,,,,,,,,,,,,
24,11,19.0,10.0,13.0,24.0,11.0,37.0,25.0,24.0,19.0,24.0,11.0,24.0,24.0,11.0,24.0,24.0,24.0,24.0,24.0,37.0,5.0,29.0,19.0,10.0,10.0,27.0,24.0,24.0,11.0,19.0,24.0,,,,,,,,,,,,,,,,,,,,,,,,,,,,,,,,,,,,,,,,,,,,,,,,,,,,,,,,,,,,,,,,,,,,,,
24,24,24.0,37.0,5.0,24.0,27.0,19.0,10.0,24.0,19.0,24.0,37.0,5.0,24.0,24.0,11.0,17.0,24.0,11.0,24.0,24.0,19.0,24.0,,,,,,,,,,,,,,,,,,,,,,,,,,,,,,,,,,,,,,,,,,,,,,,,,,,,,,,,,,,,,,,,,,,,,,,,,,,,,,,
24,24,24.0,11.0,17.0,24.0,11.0,24.0,37.0,25.0,24.0,37.0,25.0,24.0,24.0,24.0,24.0,24.0,25.0,24.0,37.0,24.0,37.0,24.0,,,,,,,,,,,,,,,,,,,,,,,,,,,,,,,,,,,,,,,,,,,,,,,,,,,,,,,,,,,,,,,,,,,,,,,,,,,,,,,
24,24,24.0,24.0,24.0,19.0,24.0,37.0,5.0,29.0,24.0,15.0,24.0,24.0,24.0,24.0,37.0,5.0,29.0,24.0,15.0,24.0,24.0,24.0,24.0,7.0,15.0,24.0,24.0,24.0,24.0,24.0,37.0,5.0,29.0,24.0,15.0,24.0,24.0,24.0,24.0,11.0,24.0,,,,,,,,,,,,,,,,,,,,,,,,,,,,,,,,,,,,,,,,,,,,,,,,,,,,,,,,,,,,
24,11,24.0,19.0,24.0,11.0,24.0,27.0,19.0,24.0,24.0,25.0,24.0,24.0,37.0,24.0,11.0,24.0,,,,,,,,,,,,,,,,,,,,,,,,,,,,,,,,,,,,,,,,,,,,,,,,,,,,,,,,,,,,,,,,,,,,,,,,,,,,,,,,,,,,,
24,24,24.0,24.0,24.0,24.0,24.0,24.0,24.0,24.0,24.0,24.0,24.0,24.0,24.0,24.0,24.0,24.0,24.0,24.0,24.0,24.0,24.0,24.0,24.0,,,,,,,,,,,,,,,,,,,,,,,,,,,,,,,,,,,,,,,,,,,,,,,,,,,,,,,,,,,,,,,,,,,,,,,,,,,,,,
24,19,24.0,17.0,11.0,24.0,11.0,24.0,27.0,19.0,24.0,,,,,,,,,,,,,,,,,,,,,,,,,,,,,,,,,,,,,,,,,,,,,,,,,,,,,,,,,,,,,,,,,,,,,,,,,,,,,,,,,,,,,,,,,,,,
24,24,24.0,15.0,18.0,24.0,24.0,24.0,24.0,24.0,15.0,24.0,37.0,24.0,15.0,24.0,37.0,24.0,15.0,24.0,37.0,24.0,11.0,24.0,15.0,24.0,37.0,24.0,15.0,24.0,37.0,24.0,15.0,24.0,37.0,24.0,,,,,,,,,,,,,,,,,,,,,,,,,,,,,,,,,,,,,,,,,,,,,,,,,,,,,,,,,,,,,,,,,,,
24,24,24.0,,,,,,,,,,,,,,,,,,,,,,,,,,,,,,,,,,,,,,,,,,,,,,,,,,,,,,,,,,,,,,,,,,,,,,,,,,,,,,,,,,,,,,,,,,,,,,,,,,,,
27,28,19.0,27.0,24.0,11.0,24.0,24.0,24.0,19.0,10.0,24.0,11.0,24.0,15.0,24.0,24.0,,,,,,,,,,,,,,,,,,,,,,,,,,,,,,,,,,,,,,,,,,,,,,,,,,,,,,,,,,,,,,,,,,,,,,,,,,,,,,,,,,,,,,
20,24,15.0,27.0,24.0,0.0,24.0,24.0,37.0,24.0,24.0,24.0,24.0,37.0,24.0,24.0,24.0,24.0,37.0,24.0,24.0,24.0,24.0,37.0,24.0,24.0,24.0,24.0,37.0,24.0,24.0,24.0,24.0,37.0,24.0,24.0,24.0,24.0,37.0,24.0,24.0,24.0,24.0,37.0,24.0,24.0,24.0,24.0,37.0,24.0,24.0,24.0,24.0,37.0,24.0,24.0,24.0,24.0,37.0,24.0,24.0,24.0,24.0,37.0,24.0,24.0,24.0,24.0,37.0,24.0,24.0,24.0,24.0,,,,,,,,,,,,,,,,,,,,,,,,,,,,,,
24,20,26.0,26.0,26.0,24.0,24.0,24.0,39.0,2.0,24.0,24.0,24.0,,,,,,,,,,,,,,,,,,,,,,,,,,,,,,,,,,,,,,,,,,,,,,,,,,,,,,,,,,,,,,,,,,,,,,,,,,,,,,,,,,,,,,,,,,
24,19,10.0,10.0,10.0,10.0,24.0,11.0,24.0,36.0,40.0,24.0,,,,,,,,,,,,,,,,,,,,,,,,,,,,,,,,,,,,,,,,,,,,,,,,,,,,,,,,,,,,,,,,,,,,,,,,,,,,,,,,,,,,,,,,,,,
19,24,19.0,24.0,19.0,10.0,24.0,24.0,19.0,24.0,11.0,24.0,27.0,19.0,24.0,,,,,,,,,,,,,,,,,,,,,,,,,,,,,,,,,,,,,,,,,,,,,,,,,,,,,,,,,,,,,,,,,,,,,,,,,,,,,,,,,,,,,,,,
24,21,24.0,24.0,19.0,11.0,24.0,27.0,24.0,24.0,11.0,24.0,19.0,24.0,24.0,19.0,11.0,24.0,,,,,,,,,,,,,,,,,,,,,,,,,,,,,,,,,,,,,,,,,,,,,,,,,,,,,,,,,,,,,,,,,,,,,,,,,,,,,,,,,,,,,
24,19,24.0,24.0,11.0,24.0,24.0,24.0,24.0,24.0,24.0,24.0,24.0,24.0,24.0,24.0,,,,,,,,,,,,,,,,,,,,,,,,,,,,,,,,,,,,,,,,,,,,,,,,,,,,,,,,,,,,,,,,,,,,,,,,,,,,,,,,,,,,,,,
24,27,28.0,28.0,19.0,27.0,24.0,11.0,24.0,24.0,24.0,24.0,24.0,35.0,24.0,,,,,,,,,,,,,,,,,,,,,,,,,,,,,,,,,,,,,,,,,,,,,,,,,,,,,,,,,,,,,,,,,,,,,,,,,,,,,,,,,,,,,,,,
24,24,21.0,38.0,38.0,24.0,24.0,24.0,24.0,24.0,21.0,38.0,24.0,21.0,38.0,24.0,24.0,24.0,24.0,24.0,36.0,24.0,24.0,24.0,24.0,24.0,,,,,,,,,,,,,,,,,,,,,,,,,,,,,,,,,,,,,,,,,,,,,,,,,,,,,,,,,,,,,,,,,,,,,,,,,,,,,
24,24,24.0,24.0,24.0,24.0,24.0,24.0,24.0,24.0,24.0,24.0,19.0,24.0,24.0,13.0,21.0,24.0,24.0,13.0,,,,,,,,,,,,,,,,,,,,,,,,,,,,,,,,,,,,,,,,,,,,,,,,,,,,,,,,,,,,,,,,,,,,,,,,,,,,,,,,,,,
24,24,24.0,,,,,,,,,,,,,,,,,,,,,,,,,,,,,,,,,,,,,,,,,,,,,,,,,,,,,,,,,,,,,,,,,,,,,,,,,,,,,,,,,,,,,,,,,,,,,,,,,,,,
24,24,24.0,,,,,,,,,,,,,,,,,,,,,,,,,,,,,,,,,,,,,,,,,,,,,,,,,,,,,,,,,,,,,,,,,,,,,,,,,,,,,,,,,,,,,,,,,,,,,,,,,,,,
24,24,24.0,,,,,,,,,,,,,,,,,,,,,,,,,,,,,,,,,,,,,,,,,,,,,,,,,,,,,,,,,,,,,,,,,,,,,,,,,,,,,,,,,,,,,,,,,,,,,,,,,,,,
24,24,24.0,,,,,,,,,,,,,,,,,,,,,,,,,,,,,,,,,,,,,,,,,,,,,,,,,,,,,,,,,,,,,,,,,,,,,,,,,,,,,,,,,,,,,,,,,,,,,,,,,,,,
24,24,24.0,24.0,24.0,24.0,24.0,24.0,24.0,24.0,24.0,24.0,,,,,,,,,,,,,,,,,,,,,,,,,,,,,,,,,,,,,,,,,,,,,,,,,,,,,,,,,,,,,,,,,,,,,,,,,,,,,,,,,,,,,,,,,,,
24,24,24.0,24.0,24.0,24.0,24.0,24.0,24.0,24.0,24.0,24.0,24.0,24.0,24.0,,,,,,,,,,,,,,,,,,,,,,,,,,,,,,,,,,,,,,,,,,,,,,,,,,,,,,,,,,,,,,,,,,,,,,,,,,,,,,,,,,,,,,,,
24,17,11.0,24.0,37.0,25.0,24.0,24.0,24.0,24.0,19.0,24.0,37.0,5.0,24.0,24.0,24.0,24.0,19.0,24.0,11.0,24.0,24.0,8.0,24.0,37.0,25.0,24.0,11.0,27.0,19.0,24.0,,,,,,,,,,,,,,,,,,,,,,,,,,,,,,,,,,,,,,,,,,,,,,,,,,,,,,,,,,,,,,,,,,,,,,,
24,8,24.0,11.0,24.0,11.0,24.0,37.0,25.0,24.0,37.0,25.0,24.0,,,,,,,,,,,,,,,,,,,,,,,,,,,,,,,,,,,,,,,,,,,,,,,,,,,,,,,,,,,,,,,,,,,,,,,,,,,,,,,,,,,,,,,,,,
19,10,10.0,24.0,19.0,24.0,24.0,19.0,10.0,24.0,19.0,10.0,24.0,24.0,19.0,24.0,11.0,24.0,1.0,9.0,24.0,,,,,,,,,,,,,,,,,,,,,,,,,,,,,,,,,,,,,,,,,,,,,,,,,,,,,,,,,,,,,,,,,,,,,,,,,,,,,,,,,,
19,24,24.0,19.0,24.0,11.0,24.0,1.0,24.0,24.0,24.0,27.0,28.0,24.0,24.0,24.0,,,,,,,,,,,,,,,,,,,,,,,,,,,,,,,,,,,,,,,,,,,,,,,,,,,,,,,,,,,,,,,,,,,,,,,,,,,,,,,,,,,,,,,
24,11,24.0,24.0,19.0,10.0,24.0,24.0,19.0,24.0,37.0,5.0,29.0,24.0,37.0,5.0,29.0,24.0,37.0,5.0,29.0,24.0,19.0,24.0,19.0,24.0,19.0,24.0,24.0,24.0,24.0,,,,,,,,,,,,,,,,,,,,,,,,,,,,,,,,,,,,,,,,,,,,,,,,,,,,,,,,,,,,,,,,,,,,,,,,
19,10,10.0,24.0,19.0,10.0,10.0,27.0,24.0,11.0,24.0,1.0,9.0,24.0,,,,,,,,,,,,,,,,,,,,,,,,,,,,,,,,,,,,,,,,,,,,,,,,,,,,,,,,,,,,,,,,,,,,,,,,,,,,,,,,,,,,,,,,,
19,13,24.0,11.0,24.0,11.0,24.0,19.0,10.0,24.0,24.0,19.0,24.0,11.0,24.0,11.0,24.0,24.0,11.0,24.0,27.0,19.0,24.0,37.0,25.0,24.0,37.0,25.0,24.0,,,,,,,,,,,,,,,,,,,,,,,,,,,,,,,,,,,,,,,,,,,,,,,,,,,,,,,,,,,,,,,,,,,,,,,,,,
24,19,24.0,11.0,24.0,17.0,42.0,24.0,11.0,24.0,37.0,25.0,24.0,37.0,25.0,24.0,24.0,8.0,24.0,11.0,6.0,6.0,24.0,,,,,,,,,,,,,,,,,,,,,,,,,,,,,,,,,,,,,,,,,,,,,,,,,,,,,,,,,,,,,,,,,,,,,,,,,,,,,,,,
19,24,37.0,5.0,24.0,24.0,11.0,24.0,19.0,24.0,37.0,5.0,24.0,24.0,24.0,19.0,24.0,37.0,5.0,24.0,24.0,24.0,19.0,27.0,24.0,24.0,11.0,24.0,24.0,19.0,24.0,,,,,,,,,,,,,,,,,,,,,,,,,,,,,,,,,,,,,,,,,,,,,,,,,,,,,,,,,,,,,,,,,,,,,,,,
24,24,24.0,24.0,24.0,24.0,24.0,24.0,24.0,24.0,24.0,24.0,24.0,24.0,24.0,24.0,24.0,24.0,24.0,24.0,24.0,24.0,24.0,24.0,,,,,,,,,,,,,,,,,,,,,,,,,,,,,,,,,,,,,,,,,,,,,,,,,,,,,,,,,,,,,,,,,,,,,,,,,,,,,,,
11,24,,,,,,,,,,,,,,,,,,,,,,,,,,,,,,,,,,,,,,,,,,,,,,,,,,,,,,,,,,,,,,,,,,,,,,,,,,,,,,,,,,,,,,,,,,,,,,,,,,,,,
24,24,24.0,13.0,31.0,19.0,13.0,24.0,11.0,24.0,,,,,,,,,,,,,,,,,,,,,,,,,,,,,,,,,,,,,,,,,,,,,,,,,,,,,,,,,,,,,,,,,,,,,,,,,,,,,,,,,,,,,,,,,,,,,
24,24,24.0,11.0,37.0,5.0,19.0,24.0,24.0,19.0,24.0,24.0,24.0,37.0,0.0,8.0,41.0,24.0,24.0,11.0,37.0,5.0,27.0,19.0,24.0,11.0,24.0,8.0,24.0,24.0,8.0,41.0,41.0,24.0,,,,,,,,,,,,,,,,,,,,,,,,,,,,,,,,,,,,,,,,,,,,,,,,,,,,,,,,,,,,,,,,,,,,,
19,10,10.0,24.0,19.0,24.0,24.0,19.0,10.0,10.0,24.0,19.0,24.0,24.0,19.0,10.0,24.0,19.0,10.0,10.0,24.0,24.0,19.0,24.0,19.0,24.0,24.0,19.0,24.0,19.0,24.0,24.0,24.0,19.0,24.0,11.0,24.0,1.0,9.0,24.0,,,,,,,,,,,,,,,,,,,,,,,,,,,,,,,,,,,,,,,,,,,,,,,,,,,,,,,,,,,,,,,
19,10,10.0,13.0,24.0,11.0,24.0,11.0,24.0,24.0,19.0,27.0,24.0,24.0,24.0,37.0,5.0,29.0,24.0,24.0,24.0,27.0,28.0,24.0,19.0,24.0,19.0,24.0,19.0,24.0,24.0,19.0,24.0,24.0,24.0,15.0,24.0,24.0,37.0,5.0,24.0,5.0,29.0,24.0,,,,,,,,,,,,,,,,,,,,,,,,,,,,,,,,,,,,,,,,,,,,,,,,,,,,,,,,,,,
19,24,11.0,24.0,24.0,19.0,27.0,24.0,24.0,11.0,24.0,24.0,19.0,10.0,24.0,11.0,24.0,37.0,25.0,24.0,11.0,24.0,19.0,24.0,,,,,,,,,,,,,,,,,,,,,,,,,,,,,,,,,,,,,,,,,,,,,,,,,,,,,,,,,,,,,,,,,,,,,,,,,,,,,,,
24,15,24.0,24.0,24.0,15.0,24.0,24.0,37.0,5.0,29.0,24.0,37.0,5.0,24.0,5.0,24.0,24.0,24.0,24.0,11.0,24.0,20.0,26.0,26.0,26.0,24.0,24.0,24.0,24.0,24.0,35.0,24.0,11.0,24.0,15.0,18.0,24.0,24.0,24.0,24.0,27.0,24.0,35.0,24.0,,,,,,,,,,,,,,,,,,,,,,,,,,,,,,,,,,,,,,,,,,,,,,,,,,,,,,,,,,
19,27,24.0,37.0,5.0,24.0,24.0,19.0,24.0,37.0,5.0,24.0,24.0,11.0,24.0,37.0,5.0,24.0,19.0,24.0,37.0,5.0,24.0,24.0,37.0,25.0,24.0,17.0,11.0,24.0,37.0,25.0,24.0,24.0,19.0,24.0,37.0,5.0,24.0,24.0,17.0,11.0,24.0,24.0,19.0,24.0,11.0,24.0,39.0,24.0,37.0,25.0,24.0,,,,,,,,,,,,,,,,,,,,,,,,,,,,,,,,,,,,,,,,,,,,,,,,,,
24,24,11.0,24.0,19.0,13.0,24.0,19.0,24.0,24.0,19.0,24.0,24.0,24.0,24.0,24.0,24.0,19.0,24.0,1.0,9.0,9.0,24.0,1.0,9.0,9.0,9.0,9.0,24.0,27.0,28.0,24.0,11.0,24.0,24.0,8.0,24.0,19.0,27.0,28.0,24.0,,,,,,,,,,,,,,,,,,,,,,,,,,,,,,,,,,,,,,,,,,,,,,,,,,,,,,,,,,,,,,
13,19,10.0,10.0,13.0,24.0,24.0,24.0,24.0,24.0,24.0,24.0,24.0,24.0,24.0,24.0,,,,,,,,,,,,,,,,,,,,,,,,,,,,,,,,,,,,,,,,,,,,,,,,,,,,,,,,,,,,,,,,,,,,,,,,,,,,,,,,,,,,,,,
24,24,24.0,21.0,38.0,38.0,24.0,27.0,28.0,28.0,19.0,24.0,24.0,24.0,24.0,24.0,24.0,24.0,24.0,24.0,24.0,24.0,24.0,24.0,24.0,24.0,24.0,24.0,24.0,24.0,24.0,24.0,24.0,24.0,24.0,24.0,35.0,34.0,24.0,,,,,,,,,,,,,,,,,,,,,,,,,,,,,,,,,,,,,,,,,,,,,,,,,,,,,,,,,,,,,,,,
24,24,24.0,,,,,,,,,,,,,,,,,,,,,,,,,,,,,,,,,,,,,,,,,,,,,,,,,,,,,,,,,,,,,,,,,,,,,,,,,,,,,,,,,,,,,,,,,,,,,,,,,,,,
24,24,24.0,24.0,19.0,24.0,37.0,24.0,24.0,24.0,37.0,24.0,24.0,11.0,24.0,24.0,24.0,24.0,27.0,19.0,27.0,24.0,37.0,5.0,24.0,24.0,11.0,24.0,37.0,5.0,24.0,27.0,19.0,24.0,17.0,11.0,24.0,37.0,25.0,24.0,11.0,24.0,19.0,27.0,28.0,24.0,,,,,,,,,,,,,,,,,,,,,,,,,,,,,,,,,,,,,,,,,,,,,,,,,,,,,,,,,
11,24,,,,,,,,,,,,,,,,,,,,,,,,,,,,,,,,,,,,,,,,,,,,,,,,,,,,,,,,,,,,,,,,,,,,,,,,,,,,,,,,,,,,,,,,,,,,,,,,,,,,,
11,24,,,,,,,,,,,,,,,,,,,,,,,,,,,,,,,,,,,,,,,,,,,,,,,,,,,,,,,,,,,,,,,,,,,,,,,,,,,,,,,,,,,,,,,,,,,,,,,,,,,,,
24,24,24.0,,,,,,,,,,,,,,,,,,,,,,,,,,,,,,,,,,,,,,,,,,,,,,,,,,,,,,,,,,,,,,,,,,,,,,,,,,,,,,,,,,,,,,,,,,,,,,,,,,,,
13,19,24.0,24.0,24.0,24.0,24.0,24.0,24.0,24.0,,,,,,,,,,,,,,,,,,,,,,,,,,,,,,,,,,,,,,,,,,,,,,,,,,,,,,,,,,,,,,,,,,,,,,,,,,,,,,,,,,,,,,,,,,,,,
24,24,24.0,24.0,19.0,24.0,11.0,24.0,11.0,24.0,27.0,19.0,24.0,11.0,24.0,17.0,42.0,24.0,,,,,,,,,,,,,,,,,,,,,,,,,,,,,,,,,,,,,,,,,,,,,,,,,,,,,,,,,,,,,,,,,,,,,,,,,,,,,,,,,,,,,
24,27,24.0,19.0,24.0,5.0,24.0,37.0,24.0,24.0,37.0,5.0,19.0,24.0,11.0,17.0,24.0,19.0,10.0,24.0,37.0,25.0,24.0,11.0,24.0,24.0,27.0,19.0,24.0,,,,,,,,,,,,,,,,,,,,,,,,,,,,,,,,,,,,,,,,,,,,,,,,,,,,,,,,,,,,,,,,,,,,,,,,,,
24,24,24.0,11.0,27.0,19.0,24.0,11.0,24.0,24.0,37.0,0.0,14.0,16.0,16.0,16.0,8.0,24.0,24.0,24.0,8.0,24.0,11.0,24.0,11.0,24.0,37.0,25.0,24.0,37.0,25.0,24.0,,,,,,,,,,,,,,,,,,,,,,,,,,,,,,,,,,,,,,,,,,,,,,,,,,,,,,,,,,,,,,,,,,,,,,,
24,24,24.0,11.0,24.0,24.0,37.0,25.0,24.0,,,,,,,,,,,,,,,,,,,,,,,,,,,,,,,,,,,,,,,,,,,,,,,,,,,,,,,,,,,,,,,,,,,,,,,,,,,,,,,,,,,,,,,,,,,,,,
24,19,24.0,11.0,24.0,24.0,14.0,16.0,16.0,8.0,24.0,24.0,24.0,8.0,24.0,24.0,8.0,24.0,24.0,8.0,24.0,37.0,0.0,3.0,24.0,24.0,,,,,,,,,,,,,,,,,,,,,,,,,,,,,,,,,,,,,,,,,,,,,,,,,,,,,,,,,,,,,,,,,,,,,,,,,,,,,
24,24,24.0,24.0,24.0,24.0,24.0,24.0,24.0,24.0,24.0,24.0,24.0,24.0,24.0,24.0,24.0,,,,,,,,,,,,,,,,,,,,,,,,,,,,,,,,,,,,,,,,,,,,,,,,,,,,,,,,,,,,,,,,,,,,,,,,,,,,,,,,,,,,,,
24,24,24.0,8.0,24.0,24.0,24.0,11.0,24.0,17.0,42.0,24.0,,,,,,,,,,,,,,,,,,,,,,,,,,,,,,,,,,,,,,,,,,,,,,,,,,,,,,,,,,,,,,,,,,,,,,,,,,,,,,,,,,,,,,,,,,,
24,24,11.0,24.0,37.0,25.0,24.0,24.0,19.0,24.0,11.0,24.0,24.0,14.0,16.0,16.0,8.0,24.0,37.0,0.0,24.0,24.0,24.0,11.0,24.0,37.0,25.0,24.0,37.0,25.0,24.0,,,,,,,,,,,,,,,,,,,,,,,,,,,,,,,,,,,,,,,,,,,,,,,,,,,,,,,,,,,,,,,,,,,,,,,,
24,19,27.0,24.0,11.0,24.0,37.0,24.0,37.0,25.0,24.0,37.0,25.0,24.0,37.0,25.0,24.0,11.0,27.0,19.0,24.0,21.0,24.0,24.0,37.0,24.0,37.0,4.0,24.0,,,,,,,,,,,,,,,,,,,,,,,,,,,,,,,,,,,,,,,,,,,,,,,,,,,,,,,,,,,,,,,,,,,,,,,,,,
19,10,24.0,37.0,5.0,24.0,24.0,19.0,24.0,37.0,5.0,24.0,24.0,19.0,10.0,24.0,37.0,5.0,24.0,37.0,5.0,24.0,24.0,24.0,19.0,10.0,24.0,37.0,5.0,24.0,37.0,5.0,24.0,24.0,11.0,24.0,24.0,8.0,41.0,41.0,41.0,41.0,24.0,11.0,17.0,42.0,24.0,24.0,39.0,24.0,37.0,25.0,24.0,37.0,25.0,24.0,,,,,,,,,,,,,,,,,,,,,,,,,,,,,,,,,,,,,,,,,,,,,,,
24,24,24.0,24.0,24.0,24.0,19.0,27.0,24.0,37.0,5.0,24.0,24.0,19.0,10.0,24.0,37.0,5.0,24.0,24.0,27.0,19.0,24.0,37.0,5.0,24.0,24.0,11.0,24.0,17.0,42.0,11.0,24.0,17.0,42.0,24.0,11.0,24.0,37.0,25.0,24.0,24.0,24.0,24.0,27.0,19.0,24.0,11.0,24.0,24.0,37.0,0.0,14.0,8.0,24.0,,,,,,,,,,,,,,,,,,,,,,,,,,,,,,,,,,,,,,,,,,,,,,,,
24,24,24.0,24.0,24.0,19.0,10.0,10.0,24.0,11.0,24.0,37.0,25.0,24.0,37.0,25.0,24.0,24.0,11.0,24.0,24.0,37.0,8.0,41.0,24.0,24.0,24.0,,,,,,,,,,,,,,,,,,,,,,,,,,,,,,,,,,,,,,,,,,,,,,,,,,,,,,,,,,,,,,,,,,,,,,,,,,,,
24,24,24.0,24.0,24.0,24.0,24.0,24.0,24.0,24.0,24.0,24.0,24.0,24.0,24.0,24.0,24.0,24.0,24.0,24.0,24.0,24.0,24.0,24.0,24.0,24.0,24.0,24.0,24.0,24.0,24.0,24.0,24.0,24.0,24.0,24.0,24.0,24.0,,,,,,,,,,,,,,,,,,,,,,,,,,,,,,,,,,,,,,,,,,,,,,,,,,,,,,,,,,,,,,,,,
19,10,24.0,7.0,12.0,12.0,12.0,24.0,24.0,24.0,1.0,9.0,24.0,24.0,24.0,24.0,24.0,24.0,24.0,24.0,24.0,,,,,,,,,,,,,,,,,,,,,,,,,,,,,,,,,,,,,,,,,,,,,,,,,,,,,,,,,,,,,,,,,,,,,,,,,,,,,,,,,,
20,24,15.0,27.0,24.0,0.0,24.0,24.0,37.0,24.0,24.0,24.0,24.0,37.0,24.0,24.0,24.0,24.0,37.0,24.0,24.0,24.0,24.0,37.0,24.0,24.0,24.0,24.0,37.0,24.0,24.0,24.0,24.0,37.0,24.0,24.0,24.0,24.0,37.0,24.0,24.0,24.0,24.0,37.0,24.0,24.0,24.0,24.0,37.0,24.0,24.0,24.0,24.0,37.0,24.0,24.0,24.0,24.0,,,,,,,,,,,,,,,,,,,,,,,,,,,,,,,,,,,,,,,,,,,,,
13,31,31.0,19.0,13.0,24.0,24.0,24.0,24.0,24.0,24.0,24.0,13.0,24.0,24.0,24.0,24.0,24.0,,,,,,,,,,,,,,,,,,,,,,,,,,,,,,,,,,,,,,,,,,,,,,,,,,,,,,,,,,,,,,,,,,,,,,,,,,,,,,,,,,,,,
24,24,24.0,19.0,24.0,24.0,11.0,24.0,8.0,41.0,24.0,37.0,0.0,24.0,37.0,0.0,24.0,24.0,37.0,0.0,24.0,24.0,24.0,24.0,19.0,27.0,24.0,24.0,37.0,4.0,21.0,24.0,,,,,,,,,,,,,,,,,,,,,,,,,,,,,,,,,,,,,,,,,,,,,,,,,,,,,,,,,,,,,,,,,,,,,,,
24,19,24.0,11.0,24.0,24.0,24.0,,,,,,,,,,,,,,,,,,,,,,,,,,,,,,,,,,,,,,,,,,,,,,,,,,,,,,,,,,,,,,,,,,,,,,,,,,,,,,,,,,,,,,,,,,,,,,,,
24,24,24.0,19.0,10.0,10.0,10.0,10.0,13.0,24.0,11.0,24.0,24.0,24.0,24.0,24.0,24.0,24.0,24.0,24.0,24.0,24.0,19.0,27.0,24.0,24.0,24.0,,,,,,,,,,,,,,,,,,,,,,,,,,,,,,,,,,,,,,,,,,,,,,,,,,,,,,,,,,,,,,,,,,,,,,,,,,,,
24,24,24.0,,,,,,,,,,,,,,,,,,,,,,,,,,,,,,,,,,,,,,,,,,,,,,,,,,,,,,,,,,,,,,,,,,,,,,,,,,,,,,,,,,,,,,,,,,,,,,,,,,,,
24,8,24.0,11.0,24.0,24.0,24.0,24.0,24.0,24.0,24.0,24.0,37.0,25.0,22.0,24.0,11.0,24.0,24.0,24.0,24.0,24.0,37.0,25.0,24.0,24.0,11.0,24.0,17.0,42.0,24.0,,,,,,,,,,,,,,,,,,,,,,,,,,,,,,,,,,,,,,,,,,,,,,,,,,,,,,,,,,,,,,,,,,,,,,,,
24,24,24.0,24.0,24.0,24.0,19.0,10.0,10.0,10.0,10.0,24.0,24.0,24.0,24.0,24.0,24.0,15.0,18.0,18.0,24.0,,,,,,,,,,,,,,,,,,,,,,,,,,,,,,,,,,,,,,,,,,,,,,,,,,,,,,,,,,,,,,,,,,,,,,,,,,,,,,,,,,
24,27,19.0,27.0,24.0,24.0,11.0,24.0,37.0,33.0,33.0,33.0,33.0,0.0,8.0,41.0,24.0,24.0,24.0,24.0,24.0,11.0,24.0,,,,,,,,,,,,,,,,,,,,,,,,,,,,,,,,,,,,,,,,,,,,,,,,,,,,,,,,,,,,,,,,,,,,,,,,,,,,,,,,
24,24,19.0,24.0,11.0,24.0,24.0,37.0,0.0,14.0,16.0,16.0,16.0,16.0,8.0,24.0,24.0,24.0,11.0,24.0,11.0,24.0,37.0,25.0,24.0,37.0,25.0,24.0,,,,,,,,,,,,,,,,,,,,,,,,,,,,,,,,,,,,,,,,,,,,,,,,,,,,,,,,,,,,,,,,,,,,,,,,,,,
24,24,24.0,,,,,,,,,,,,,,,,,,,,,,,,,,,,,,,,,,,,,,,,,,,,,,,,,,,,,,,,,,,,,,,,,,,,,,,,,,,,,,,,,,,,,,,,,,,,,,,,,,,,
24,24,24.0,24.0,24.0,24.0,24.0,24.0,24.0,24.0,24.0,24.0,24.0,24.0,24.0,24.0,,,,,,,,,,,,,,,,,,,,,,,,,,,,,,,,,,,,,,,,,,,,,,,,,,,,,,,,,,,,,,,,,,,,,,,,,,,,,,,,,,,,,,,
19,24,37.0,24.0,24.0,24.0,11.0,24.0,1.0,9.0,9.0,9.0,24.0,,,,,,,,,,,,,,,,,,,,,,,,,,,,,,,,,,,,,,,,,,,,,,,,,,,,,,,,,,,,,,,,,,,,,,,,,,,,,,,,,,,,,,,,,,
19,24,19.0,27.0,24.0,7.0,12.0,24.0,11.0,24.0,24.0,24.0,27.0,19.0,24.0,37.0,5.0,19.0,27.0,24.0,,,,,,,,,,,,,,,,,,,,,,,,,,,,,,,,,,,,,,,,,,,,,,,,,,,,,,,,,,,,,,,,,,,,,,,,,,,,,,,,,,,
24,24,11.0,24.0,24.0,19.0,24.0,11.0,24.0,37.0,5.0,19.0,27.0,24.0,37.0,25.0,24.0,11.0,24.0,8.0,41.0,24.0,17.0,42.0,24.0,24.0,24.0,13.0,31.0,31.0,19.0,13.0,24.0,11.0,24.0,,,,,,,,,,,,,,,,,,,,,,,,,,,,,,,,,,,,,,,,,,,,,,,,,,,,,,,,,,,,,,,,,,,,
24,24,19.0,24.0,24.0,11.0,24.0,11.0,24.0,27.0,19.0,24.0,24.0,5.0,29.0,24.0,19.0,10.0,10.0,24.0,37.0,33.0,33.0,24.0,,,,,,,,,,,,,,,,,,,,,,,,,,,,,,,,,,,,,,,,,,,,,,,,,,,,,,,,,,,,,,,,,,,,,,,,,,,,,,,
24,24,24.0,24.0,24.0,24.0,24.0,24.0,24.0,24.0,24.0,24.0,24.0,24.0,24.0,24.0,24.0,24.0,24.0,24.0,24.0,24.0,24.0,24.0,24.0,24.0,24.0,24.0,,,,,,,,,,,,,,,,,,,,,,,,,,,,,,,,,,,,,,,,,,,,,,,,,,,,,,,,,,,,,,,,,,,,,,,,,,,
24,24,37.0,5.0,24.0,19.0,24.0,37.0,5.0,24.0,19.0,24.0,37.0,5.0,24.0,19.0,24.0,24.0,24.0,37.0,33.0,33.0,33.0,33.0,24.0,24.0,11.0,24.0,24.0,19.0,24.0,24.0,24.0,11.0,24.0,,,,,,,,,,,,,,,,,,,,,,,,,,,,,,,,,,,,,,,,,,,,,,,,,,,,,,,,,,,,,,,,,,,,
24,24,24.0,,,,,,,,,,,,,,,,,,,,,,,,,,,,,,,,,,,,,,,,,,,,,,,,,,,,,,,,,,,,,,,,,,,,,,,,,,,,,,,,,,,,,,,,,,,,,,,,,,,,
24,24,24.0,24.0,19.0,24.0,11.0,24.0,37.0,25.0,24.0,37.0,25.0,24.0,19.0,24.0,24.0,15.0,24.0,24.0,,,,,,,,,,,,,,,,,,,,,,,,,,,,,,,,,,,,,,,,,,,,,,,,,,,,,,,,,,,,,,,,,,,,,,,,,,,,,,,,,,,
27,19,24.0,37.0,24.0,24.0,20.0,26.0,24.0,11.0,24.0,37.0,4.0,21.0,24.0,,,,,,,,,,,,,,,,,,,,,,,,,,,,,,,,,,,,,,,,,,,,,,,,,,,,,,,,,,,,,,,,,,,,,,,,,,,,,,,,,,,,,,,,
24,27,19.0,24.0,17.0,11.0,24.0,37.0,25.0,24.0,14.0,8.0,24.0,1.0,9.0,9.0,9.0,24.0,24.0,24.0,11.0,24.0,37.0,25.0,24.0,24.0,37.0,25.0,24.0,24.0,24.0,11.0,24.0,24.0,17.0,42.0,24.0,,,,,,,,,,,,,,,,,,,,,,,,,,,,,,,,,,,,,,,,,,,,,,,,,,,,,,,,,,,,,,,,,,
24,19,24.0,11.0,24.0,37.0,25.0,24.0,37.0,25.0,24.0,24.0,24.0,24.0,19.0,11.0,6.0,24.0,37.0,25.0,24.0,,,,,,,,,,,,,,,,,,,,,,,,,,,,,,,,,,,,,,,,,,,,,,,,,,,,,,,,,,,,,,,,,,,,,,,,,,,,,,,,,,
24,24,24.0,,,,,,,,,,,,,,,,,,,,,,,,,,,,,,,,,,,,,,,,,,,,,,,,,,,,,,,,,,,,,,,,,,,,,,,,,,,,,,,,,,,,,,,,,,,,,,,,,,,,
24,24,24.0,24.0,19.0,24.0,11.0,24.0,27.0,19.0,24.0,19.0,24.0,11.0,24.0,37.0,25.0,24.0,24.0,8.0,41.0,24.0,37.0,25.0,24.0,11.0,19.0,10.0,10.0,13.0,24.0,,,,,,,,,,,,,,,,,,,,,,,,,,,,,,,,,,,,,,,,,,,,,,,,,,,,,,,,,,,,,,,,,,,,,,,,
24,24,24.0,24.0,24.0,19.0,10.0,24.0,19.0,24.0,24.0,11.0,24.0,27.0,19.0,10.0,24.0,24.0,35.0,34.0,34.0,34.0,24.0,35.0,24.0,,,,,,,,,,,,,,,,,,,,,,,,,,,,,,,,,,,,,,,,,,,,,,,,,,,,,,,,,,,,,,,,,,,,,,,,,,,,,,
35,34,34.0,34.0,34.0,,,,,,,,,,,,,,,,,,,,,,,,,,,,,,,,,,,,,,,,,,,,,,,,,,,,,,,,,,,,,,,,,,,,,,,,,,,,,,,,,,,,,,,,,,,,,,,,,,
24,19,24.0,24.0,24.0,11.0,24.0,17.0,42.0,24.0,27.0,19.0,24.0,11.0,24.0,24.0,24.0,24.0,24.0,,,,,,,,,,,,,,,,,,,,,,,,,,,,,,,,,,,,,,,,,,,,,,,,,,,,,,,,,,,,,,,,,,,,,,,,,,,,,,,,,,,,
24,24,19.0,24.0,37.0,5.0,24.0,24.0,19.0,24.0,37.0,5.0,24.0,24.0,24.0,19.0,24.0,37.0,5.0,24.0,24.0,11.0,24.0,24.0,8.0,11.0,24.0,24.0,14.0,8.0,41.0,24.0,,,,,,,,,,,,,,,,,,,,,,,,,,,,,,,,,,,,,,,,,,,,,,,,,,,,,,,,,,,,,,,,,,,,,,,
24,11,24.0,37.0,25.0,24.0,17.0,42.0,24.0,24.0,24.0,24.0,19.0,11.0,24.0,24.0,24.0,24.0,24.0,,,,,,,,,,,,,,,,,,,,,,,,,,,,,,,,,,,,,,,,,,,,,,,,,,,,,,,,,,,,,,,,,,,,,,,,,,,,,,,,,,,,
19,10,10.0,10.0,24.0,37.0,5.0,29.0,19.0,24.0,37.0,5.0,29.0,19.0,24.0,24.0,5.0,37.0,24.0,11.0,24.0,24.0,24.0,24.0,24.0,,,,,,,,,,,,,,,,,,,,,,,,,,,,,,,,,,,,,,,,,,,,,,,,,,,,,,,,,,,,,,,,,,,,,,,,,,,,,,
24,24,24.0,24.0,24.0,24.0,19.0,10.0,10.0,10.0,10.0,13.0,24.0,24.0,24.0,19.0,24.0,24.0,24.0,19.0,24.0,24.0,24.0,19.0,24.0,15.0,18.0,24.0,15.0,24.0,24.0,24.0,37.0,24.0,37.0,5.0,24.0,5.0,24.0,24.0,,,,,,,,,,,,,,,,,,,,,,,,,,,,,,,,,,,,,,,,,,,,,,,,,,,,,,,,,,,,,,,
24,24,19.0,24.0,11.0,24.0,19.0,24.0,24.0,24.0,24.0,24.0,24.0,24.0,15.0,27.0,28.0,24.0,,,,,,,,,,,,,,,,,,,,,,,,,,,,,,,,,,,,,,,,,,,,,,,,,,,,,,,,,,,,,,,,,,,,,,,,,,,,,,,,,,,,,
24,11,24.0,13.0,19.0,13.0,24.0,15.0,24.0,24.0,24.0,19.0,10.0,24.0,11.0,24.0,19.0,24.0,37.0,25.0,24.0,24.0,24.0,11.0,24.0,19.0,24.0,37.0,25.0,24.0,37.0,25.0,22.0,24.0,,,,,,,,,,,,,,,,,,,,,,,,,,,,,,,,,,,,,,,,,,,,,,,,,,,,,,,,,,,,,,,,,,,,,
24,24,24.0,,,,,,,,,,,,,,,,,,,,,,,,,,,,,,,,,,,,,,,,,,,,,,,,,,,,,,,,,,,,,,,,,,,,,,,,,,,,,,,,,,,,,,,,,,,,,,,,,,,,
24,24,24.0,24.0,24.0,24.0,19.0,13.0,24.0,19.0,13.0,24.0,24.0,24.0,24.0,24.0,24.0,24.0,,,,,,,,,,,,,,,,,,,,,,,,,,,,,,,,,,,,,,,,,,,,,,,,,,,,,,,,,,,,,,,,,,,,,,,,,,,,,,,,,,,,,
24,11,24.0,24.0,24.0,11.0,24.0,11.0,24.0,24.0,24.0,11.0,19.0,24.0,24.0,11.0,24.0,37.0,24.0,37.0,24.0,37.0,24.0,37.0,25.0,24.0,37.0,25.0,24.0,24.0,24.0,24.0,37.0,25.0,24.0,37.0,25.0,24.0,,,,,,,,,,,,,,,,,,,,,,,,,,,,,,,,,,,,,,,,,,,,,,,,,,,,,,,,,,,,,,,,,
19,10,24.0,11.0,24.0,1.0,9.0,9.0,24.0,24.0,24.0,37.0,4.0,21.0,24.0,24.0,24.0,24.0,24.0,24.0,24.0,24.0,24.0,24.0,24.0,,,,,,,,,,,,,,,,,,,,,,,,,,,,,,,,,,,,,,,,,,,,,,,,,,,,,,,,,,,,,,,,,,,,,,,,,,,,,,
27,19,10.0,24.0,11.0,24.0,24.0,24.0,24.0,24.0,24.0,35.0,34.0,34.0,24.0,11.0,19.0,10.0,10.0,10.0,24.0,24.0,7.0,24.0,24.0,15.0,27.0,28.0,28.0,28.0,28.0,24.0,11.0,24.0,24.0,24.0,35.0,34.0,34.0,24.0,24.0,24.0,19.0,24.0,37.0,5.0,24.0,24.0,19.0,24.0,37.0,5.0,24.0,24.0,24.0,37.0,5.0,19.0,24.0,37.0,5.0,24.0,24.0,11.0,24.0,37.0,25.0,24.0,37.0,25.0,24.0,11.0,24.0,27.0,19.0,24.0,,,,,,,,,,,,,,,,,,,,,,,,,,,
24,11,24.0,19.0,13.0,24.0,11.0,24.0,24.0,36.0,40.0,40.0,24.0,11.0,19.0,24.0,24.0,24.0,37.0,24.0,,,,,,,,,,,,,,,,,,,,,,,,,,,,,,,,,,,,,,,,,,,,,,,,,,,,,,,,,,,,,,,,,,,,,,,,,,,,,,,,,,,
24,19,24.0,24.0,11.0,24.0,17.0,42.0,24.0,37.0,25.0,24.0,,,,,,,,,,,,,,,,,,,,,,,,,,,,,,,,,,,,,,,,,,,,,,,,,,,,,,,,,,,,,,,,,,,,,,,,,,,,,,,,,,,,,,,,,,,
27,19,27.0,24.0,19.0,24.0,24.0,11.0,24.0,1.0,9.0,9.0,9.0,24.0,1.0,9.0,24.0,24.0,24.0,24.0,21.0,24.0,19.0,24.0,37.0,33.0,33.0,4.0,24.0,,,,,,,,,,,,,,,,,,,,,,,,,,,,,,,,,,,,,,,,,,,,,,,,,,,,,,,,,,,,,,,,,,,,,,,,,,
24,24,19.0,10.0,10.0,13.0,31.0,24.0,24.0,24.0,36.0,40.0,40.0,40.0,40.0,,,,,,,,,,,,,,,,,,,,,,,,,,,,,,,,,,,,,,,,,,,,,,,,,,,,,,,,,,,,,,,,,,,,,,,,,,,,,,,,,,,,,,,,
24,11,24.0,24.0,24.0,19.0,24.0,11.0,24.0,11.0,24.0,11.0,24.0,24.0,27.0,19.0,24.0,27.0,19.0,24.0,,,,,,,,,,,,,,,,,,,,,,,,,,,,,,,,,,,,,,,,,,,,,,,,,,,,,,,,,,,,,,,,,,,,,,,,,,,,,,,,,,,
24,11,24.0,19.0,24.0,24.0,24.0,24.0,11.0,24.0,24.0,14.0,8.0,24.0,37.0,25.0,24.0,,,,,,,,,,,,,,,,,,,,,,,,,,,,,,,,,,,,,,,,,,,,,,,,,,,,,,,,,,,,,,,,,,,,,,,,,,,,,,,,,,,,,,
13,31,31.0,19.0,10.0,24.0,24.0,24.0,24.0,24.0,24.0,24.0,24.0,24.0,24.0,24.0,13.0,24.0,24.0,24.0,24.0,,,,,,,,,,,,,,,,,,,,,,,,,,,,,,,,,,,,,,,,,,,,,,,,,,,,,,,,,,,,,,,,,,,,,,,,,,,,,,,,,,
24,19,10.0,24.0,24.0,24.0,24.0,19.0,27.0,11.0,37.0,5.0,19.0,24.0,24.0,37.0,5.0,19.0,24.0,,,,,,,,,,,,,,,,,,,,,,,,,,,,,,,,,,,,,,,,,,,,,,,,,,,,,,,,,,,,,,,,,,,,,,,,,,,,,,,,,,,,
19,24,19.0,24.0,19.0,27.0,24.0,24.0,24.0,19.0,24.0,11.0,24.0,24.0,24.0,24.0,24.0,24.0,24.0,24.0,24.0,24.0,24.0,24.0,,,,,,,,,,,,,,,,,,,,,,,,,,,,,,,,,,,,,,,,,,,,,,,,,,,,,,,,,,,,,,,,,,,,,,,,,,,,,,,
24,8,41.0,24.0,24.0,11.0,24.0,24.0,8.0,24.0,11.0,24.0,11.0,24.0,17.0,42.0,24.0,,,,,,,,,,,,,,,,,,,,,,,,,,,,,,,,,,,,,,,,,,,,,,,,,,,,,,,,,,,,,,,,,,,,,,,,,,,,,,,,,,,,,,
24,13,19.0,10.0,10.0,24.0,11.0,24.0,36.0,40.0,24.0,24.0,24.0,24.0,24.0,24.0,24.0,15.0,24.0,27.0,15.0,24.0,24.0,24.0,24.0,24.0,24.0,24.0,,,,,,,,,,,,,,,,,,,,,,,,,,,,,,,,,,,,,,,,,,,,,,,,,,,,,,,,,,,,,,,,,,,,,,,,,,,
19,13,24.0,13.0,31.0,24.0,11.0,24.0,24.0,36.0,40.0,24.0,,,,,,,,,,,,,,,,,,,,,,,,,,,,,,,,,,,,,,,,,,,,,,,,,,,,,,,,,,,,,,,,,,,,,,,,,,,,,,,,,,,,,,,,,,,
24,24,24.0,,,,,,,,,,,,,,,,,,,,,,,,,,,,,,,,,,,,,,,,,,,,,,,,,,,,,,,,,,,,,,,,,,,,,,,,,,,,,,,,,,,,,,,,,,,,,,,,,,,,
24,24,24.0,19.0,24.0,11.0,24.0,11.0,24.0,19.0,24.0,37.0,25.0,24.0,19.0,24.0,37.0,25.0,24.0,,,,,,,,,,,,,,,,,,,,,,,,,,,,,,,,,,,,,,,,,,,,,,,,,,,,,,,,,,,,,,,,,,,,,,,,,,,,,,,,,,,,
24,24,24.0,,,,,,,,,,,,,,,,,,,,,,,,,,,,,,,,,,,,,,,,,,,,,,,,,,,,,,,,,,,,,,,,,,,,,,,,,,,,,,,,,,,,,,,,,,,,,,,,,,,,
24,19,10.0,10.0,10.0,10.0,10.0,10.0,10.0,10.0,24.0,24.0,24.0,37.0,33.0,33.0,33.0,33.0,33.0,33.0,24.0,13.0,24.0,11.0,24.0,24.0,24.0,24.0,,,,,,,,,,,,,,,,,,,,,,,,,,,,,,,,,,,,,,,,,,,,,,,,,,,,,,,,,,,,,,,,,,,,,,,,,,,
24,19,24.0,11.0,24.0,19.0,24.0,11.0,24.0,37.0,25.0,24.0,37.0,25.0,24.0,19.0,24.0,24.0,11.0,24.0,24.0,17.0,42.0,24.0,24.0,8.0,24.0,,,,,,,,,,,,,,,,,,,,,,,,,,,,,,,,,,,,,,,,,,,,,,,,,,,,,,,,,,,,,,,,,,,,,,,,,,,,
24,19,24.0,11.0,24.0,11.0,24.0,11.0,24.0,27.0,19.0,24.0,19.0,24.0,17.0,42.0,24.0,,,,,,,,,,,,,,,,,,,,,,,,,,,,,,,,,,,,,,,,,,,,,,,,,,,,,,,,,,,,,,,,,,,,,,,,,,,,,,,,,,,,,,
19,10,10.0,24.0,19.0,24.0,24.0,24.0,37.0,5.0,29.0,24.0,24.0,11.0,24.0,1.0,9.0,24.0,,,,,,,,,,,,,,,,,,,,,,,,,,,,,,,,,,,,,,,,,,,,,,,,,,,,,,,,,,,,,,,,,,,,,,,,,,,,,,,,,,,,,
24,11,24.0,37.0,25.0,24.0,17.0,42.0,24.0,24.0,27.0,19.0,24.0,11.0,24.0,37.0,25.0,24.0,24.0,11.0,37.0,25.0,24.0,27.0,19.0,24.0,24.0,19.0,24.0,24.0,17.0,42.0,24.0,,,,,,,,,,,,,,,,,,,,,,,,,,,,,,,,,,,,,,,,,,,,,,,,,,,,,,,,,,,,,,,,,,,,,,
24,11,24.0,24.0,24.0,11.0,24.0,19.0,24.0,,,,,,,,,,,,,,,,,,,,,,,,,,,,,,,,,,,,,,,,,,,,,,,,,,,,,,,,,,,,,,,,,,,,,,,,,,,,,,,,,,,,,,,,,,,,,,
24,19,24.0,11.0,24.0,24.0,37.0,25.0,24.0,24.0,24.0,11.0,24.0,19.0,27.0,24.0,24.0,24.0,11.0,24.0,24.0,11.0,24.0,,,,,,,,,,,,,,,,,,,,,,,,,,,,,,,,,,,,,,,,,,,,,,,,,,,,,,,,,,,,,,,,,,,,,,,,,,,,,,,,
24,19,24.0,24.0,11.0,24.0,11.0,27.0,28.0,28.0,19.0,24.0,,,,,,,,,,,,,,,,,,,,,,,,,,,,,,,,,,,,,,,,,,,,,,,,,,,,,,,,,,,,,,,,,,,,,,,,,,,,,,,,,,,,,,,,,,,
24,27,28.0,28.0,19.0,24.0,11.0,24.0,11.0,6.0,6.0,6.0,24.0,,,,,,,,,,,,,,,,,,,,,,,,,,,,,,,,,,,,,,,,,,,,,,,,,,,,,,,,,,,,,,,,,,,,,,,,,,,,,,,,,,,,,,,,,,
24,24,24.0,13.0,31.0,31.0,31.0,19.0,24.0,11.0,24.0,24.0,8.0,24.0,37.0,25.0,24.0,37.0,25.0,22.0,24.0,,,,,,,,,,,,,,,,,,,,,,,,,,,,,,,,,,,,,,,,,,,,,,,,,,,,,,,,,,,,,,,,,,,,,,,,,,,,,,,,,,
20,24,15.0,27.0,24.0,0.0,24.0,24.0,37.0,24.0,24.0,24.0,24.0,37.0,24.0,24.0,24.0,24.0,37.0,24.0,24.0,24.0,24.0,37.0,24.0,24.0,24.0,24.0,37.0,24.0,24.0,24.0,24.0,37.0,24.0,24.0,24.0,24.0,37.0,24.0,24.0,24.0,24.0,37.0,24.0,24.0,24.0,24.0,37.0,24.0,24.0,24.0,24.0,37.0,24.0,24.0,24.0,24.0,37.0,24.0,24.0,24.0,24.0,37.0,24.0,24.0,24.0,24.0,37.0,24.0,24.0,24.0,24.0,37.0,24.0,24.0,24.0,24.0,37.0,24.0,24.0,24.0,24.0,37.0,24.0,24.0,24.0,24.0,37.0,24.0,24.0,24.0,24.0,37.0,24.0,24.0,24.0,24.0,37.0,24.0,24.0,24.0,24.0
24,24,24.0,24.0,24.0,24.0,24.0,24.0,24.0,24.0,24.0,24.0,24.0,24.0,24.0,24.0,24.0,24.0,24.0,24.0,24.0,24.0,24.0,24.0,24.0,24.0,24.0,24.0,24.0,24.0,24.0,24.0,24.0,24.0,24.0,24.0,24.0,24.0,24.0,24.0,24.0,24.0,24.0,24.0,24.0,24.0,24.0,,,,,,,,,,,,,,,,,,,,,,,,,,,,,,,,,,,,,,,,,,,,,,,,,,,,,,,,
24,24,24.0,15.0,18.0,24.0,24.0,24.0,24.0,24.0,15.0,24.0,37.0,24.0,15.0,24.0,37.0,24.0,15.0,24.0,37.0,24.0,11.0,24.0,15.0,24.0,37.0,24.0,15.0,24.0,37.0,24.0,15.0,24.0,37.0,24.0,,,,,,,,,,,,,,,,,,,,,,,,,,,,,,,,,,,,,,,,,,,,,,,,,,,,,,,,,,,,,,,,,,,
17,11,24.0,11.0,24.0,37.0,25.0,24.0,24.0,24.0,11.0,24.0,27.0,28.0,19.0,24.0,,,,,,,,,,,,,,,,,,,,,,,,,,,,,,,,,,,,,,,,,,,,,,,,,,,,,,,,,,,,,,,,,,,,,,,,,,,,,,,,,,,,,,,
24,24,24.0,,,,,,,,,,,,,,,,,,,,,,,,,,,,,,,,,,,,,,,,,,,,,,,,,,,,,,,,,,,,,,,,,,,,,,,,,,,,,,,,,,,,,,,,,,,,,,,,,,,,
24,24,21.0,24.0,21.0,24.0,24.0,13.0,31.0,31.0,31.0,19.0,13.0,31.0,,,,,,,,,,,,,,,,,,,,,,,,,,,,,,,,,,,,,,,,,,,,,,,,,,,,,,,,,,,,,,,,,,,,,,,,,,,,,,,,,,,,,,,,,
24,17,11.0,24.0,37.0,25.0,24.0,24.0,27.0,24.0,19.0,37.0,5.0,24.0,37.0,5.0,24.0,24.0,11.0,24.0,11.0,24.0,11.0,24.0,24.0,19.0,24.0,11.0,24.0,37.0,25.0,24.0,11.0,24.0,,,,,,,,,,,,,,,,,,,,,,,,,,,,,,,,,,,,,,,,,,,,,,,,,,,,,,,,,,,,,,,,,,,,,
11,24,19.0,10.0,10.0,10.0,24.0,,,,,,,,,,,,,,,,,,,,,,,,,,,,,,,,,,,,,,,,,,,,,,,,,,,,,,,,,,,,,,,,,,,,,,,,,,,,,,,,,,,,,,,,,,,,,,,,
24,24,24.0,24.0,24.0,37.0,5.0,24.0,19.0,24.0,37.0,5.0,24.0,19.0,24.0,37.0,5.0,24.0,19.0,24.0,11.0,24.0,24.0,14.0,8.0,24.0,24.0,37.0,5.0,19.0,10.0,24.0,19.0,24.0,24.0,37.0,5.0,27.0,19.0,24.0,,,,,,,,,,,,,,,,,,,,,,,,,,,,,,,,,,,,,,,,,,,,,,,,,,,,,,,,,,,,,,,
24,19,24.0,24.0,11.0,24.0,19.0,27.0,24.0,37.0,25.0,24.0,24.0,37.0,25.0,22.0,24.0,24.0,,,,,,,,,,,,,,,,,,,,,,,,,,,,,,,,,,,,,,,,,,,,,,,,,,,,,,,,,,,,,,,,,,,,,,,,,,,,,,,,,,,,,
24,24,24.0,24.0,24.0,24.0,19.0,24.0,24.0,24.0,24.0,24.0,24.0,24.0,24.0,24.0,24.0,24.0,24.0,24.0,,,,,,,,,,,,,,,,,,,,,,,,,,,,,,,,,,,,,,,,,,,,,,,,,,,,,,,,,,,,,,,,,,,,,,,,,,,,,,,,,,,
24,27,28.0,28.0,19.0,24.0,11.0,24.0,24.0,7.0,24.0,37.0,5.0,29.0,19.0,24.0,19.0,24.0,11.0,24.0,,,,,,,,,,,,,,,,,,,,,,,,,,,,,,,,,,,,,,,,,,,,,,,,,,,,,,,,,,,,,,,,,,,,,,,,,,,,,,,,,,,
24,19,24.0,24.0,11.0,24.0,37.0,25.0,24.0,24.0,8.0,24.0,37.0,25.0,24.0,,,,,,,,,,,,,,,,,,,,,,,,,,,,,,,,,,,,,,,,,,,,,,,,,,,,,,,,,,,,,,,,,,,,,,,,,,,,,,,,,,,,,,,,
24,24,8.0,11.0,24.0,24.0,17.0,42.0,24.0,24.0,19.0,24.0,11.0,24.0,11.0,24.0,37.0,25.0,24.0,37.0,25.0,24.0,19.0,24.0,19.0,17.0,42.0,11.0,24.0,11.0,6.0,24.0,19.0,17.0,42.0,24.0,17.0,42.0,24.0,,,,,,,,,,,,,,,,,,,,,,,,,,,,,,,,,,,,,,,,,,,,,,,,,,,,,,,,,,,,,,,,
24,19,24.0,24.0,11.0,24.0,24.0,19.0,27.0,24.0,24.0,39.0,24.0,37.0,25.0,24.0,37.0,25.0,24.0,37.0,25.0,24.0,24.0,37.0,25.0,24.0,,,,,,,,,,,,,,,,,,,,,,,,,,,,,,,,,,,,,,,,,,,,,,,,,,,,,,,,,,,,,,,,,,,,,,,,,,,,,
24,27,19.0,27.0,24.0,11.0,24.0,24.0,27.0,19.0,27.0,24.0,37.0,5.0,29.0,11.0,24.0,19.0,24.0,24.0,11.0,6.0,24.0,37.0,25.0,24.0,37.0,25.0,22.0,24.0,,,,,,,,,,,,,,,,,,,,,,,,,,,,,,,,,,,,,,,,,,,,,,,,,,,,,,,,,,,,,,,,,,,,,,,,,
24,24,24.0,24.0,24.0,27.0,19.0,24.0,11.0,24.0,27.0,19.0,24.0,27.0,19.0,24.0,24.0,24.0,17.0,42.0,24.0,11.0,24.0,17.0,24.0,17.0,42.0,24.0,,,,,,,,,,,,,,,,,,,,,,,,,,,,,,,,,,,,,,,,,,,,,,,,,,,,,,,,,,,,,,,,,,,,,,,,,,,
24,24,19.0,24.0,11.0,24.0,11.0,24.0,17.0,24.0,37.0,25.0,24.0,37.0,25.0,24.0,,,,,,,,,,,,,,,,,,,,,,,,,,,,,,,,,,,,,,,,,,,,,,,,,,,,,,,,,,,,,,,,,,,,,,,,,,,,,,,,,,,,,,,
24,24,24.0,24.0,24.0,24.0,24.0,24.0,24.0,24.0,24.0,24.0,24.0,,,,,,,,,,,,,,,,,,,,,,,,,,,,,,,,,,,,,,,,,,,,,,,,,,,,,,,,,,,,,,,,,,,,,,,,,,,,,,,,,,,,,,,,,,
24,24,24.0,27.0,28.0,24.0,19.0,10.0,10.0,24.0,24.0,11.0,24.0,37.0,25.0,24.0,37.0,25.0,24.0,24.0,37.0,25.0,24.0,37.0,25.0,24.0,24.0,19.0,39.0,24.0,11.0,24.0,24.0,19.0,24.0,24.0,24.0,19.0,24.0,19.0,24.0,24.0,19.0,24.0,24.0,,,,,,,,,,,,,,,,,,,,,,,,,,,,,,,,,,,,,,,,,,,,,,,,,,,,,,,,,,
19,24,11.0,24.0,37.0,5.0,29.0,24.0,24.0,24.0,8.0,41.0,41.0,41.0,41.0,41.0,41.0,24.0,,,,,,,,,,,,,,,,,,,,,,,,,,,,,,,,,,,,,,,,,,,,,,,,,,,,,,,,,,,,,,,,,,,,,,,,,,,,,,,,,,,,,
24,24,24.0,24.0,7.0,12.0,24.0,19.0,24.0,19.0,24.0,5.0,29.0,24.0,15.0,24.0,15.0,24.0,37.0,33.0,33.0,24.0,19.0,27.0,24.0,24.0,11.0,17.0,24.0,27.0,19.0,24.0,27.0,28.0,28.0,19.0,27.0,24.0,24.0,19.0,27.0,24.0,19.0,24.0,19.0,24.0,5.0,29.0,24.0,15.0,24.0,15.0,24.0,37.0,33.0,33.0,24.0,19.0,27.0,24.0,24.0,11.0,24.0,19.0,27.0,24.0,24.0,24.0,24.0,27.0,19.0,27.0,24.0,24.0,11.0,24.0,19.0,24.0,24.0,24.0,24.0,24.0,24.0,19.0,24.0,11.0,24.0,,,,,,,,,,,,,,,,
24,24,24.0,,,,,,,,,,,,,,,,,,,,,,,,,,,,,,,,,,,,,,,,,,,,,,,,,,,,,,,,,,,,,,,,,,,,,,,,,,,,,,,,,,,,,,,,,,,,,,,,,,,,
24,19,24.0,24.0,11.0,24.0,11.0,24.0,24.0,37.0,5.0,24.0,19.0,24.0,11.0,17.0,24.0,,,,,,,,,,,,,,,,,,,,,,,,,,,,,,,,,,,,,,,,,,,,,,,,,,,,,,,,,,,,,,,,,,,,,,,,,,,,,,,,,,,,,,
24,19,24.0,11.0,24.0,37.0,25.0,24.0,24.0,11.0,6.0,6.0,24.0,11.0,19.0,10.0,10.0,13.0,24.0,,,,,,,,,,,,,,,,,,,,,,,,,,,,,,,,,,,,,,,,,,,,,,,,,,,,,,,,,,,,,,,,,,,,,,,,,,,,,,,,,,,,
11,24,,,,,,,,,,,,,,,,,,,,,,,,,,,,,,,,,,,,,,,,,,,,,,,,,,,,,,,,,,,,,,,,,,,,,,,,,,,,,,,,,,,,,,,,,,,,,,,,,,,,,
24,24,24.0,,,,,,,,,,,,,,,,,,,,,,,,,,,,,,,,,,,,,,,,,,,,,,,,,,,,,,,,,,,,,,,,,,,,,,,,,,,,,,,,,,,,,,,,,,,,,,,,,,,,
24,27,19.0,24.0,11.0,6.0,6.0,24.0,24.0,15.0,24.0,24.0,36.0,40.0,40.0,40.0,24.0,24.0,37.0,5.0,27.0,28.0,24.0,19.0,24.0,17.0,42.0,24.0,,,,,,,,,,,,,,,,,,,,,,,,,,,,,,,,,,,,,,,,,,,,,,,,,,,,,,,,,,,,,,,,,,,,,,,,,,,
24,24,19.0,10.0,24.0,24.0,24.0,19.0,24.0,11.0,24.0,,,,,,,,,,,,,,,,,,,,,,,,,,,,,,,,,,,,,,,,,,,,,,,,,,,,,,,,,,,,,,,,,,,,,,,,,,,,,,,,,,,,,,,,,,,,
37,5,24.0,19.0,10.0,24.0,11.0,24.0,19.0,10.0,24.0,37.0,33.0,33.0,5.0,29.0,24.0,24.0,24.0,11.0,24.0,11.0,19.0,10.0,24.0,,,,,,,,,,,,,,,,,,,,,,,,,,,,,,,,,,,,,,,,,,,,,,,,,,,,,,,,,,,,,,,,,,,,,,,,,,,,,,
24,24,24.0,19.0,24.0,11.0,24.0,37.0,25.0,17.0,24.0,24.0,11.0,6.0,24.0,37.0,25.0,22.0,24.0,,,,,,,,,,,,,,,,,,,,,,,,,,,,,,,,,,,,,,,,,,,,,,,,,,,,,,,,,,,,,,,,,,,,,,,,,,,,,,,,,,,,
19,24,11.0,24.0,37.0,25.0,24.0,37.0,25.0,24.0,24.0,24.0,24.0,24.0,24.0,,,,,,,,,,,,,,,,,,,,,,,,,,,,,,,,,,,,,,,,,,,,,,,,,,,,,,,,,,,,,,,,,,,,,,,,,,,,,,,,,,,,,,,,
24,24,37.0,5.0,24.0,27.0,19.0,24.0,11.0,24.0,11.0,24.0,24.0,17.0,24.0,,,,,,,,,,,,,,,,,,,,,,,,,,,,,,,,,,,,,,,,,,,,,,,,,,,,,,,,,,,,,,,,,,,,,,,,,,,,,,,,,,,,,,,,
19,10,24.0,19.0,24.0,24.0,11.0,24.0,24.0,24.0,24.0,11.0,19.0,10.0,24.0,19.0,10.0,24.0,37.0,33.0,33.0,5.0,29.0,24.0,24.0,19.0,8.0,24.0,24.0,24.0,24.0,37.0,25.0,24.0,,,,,,,,,,,,,,,,,,,,,,,,,,,,,,,,,,,,,,,,,,,,,,,,,,,,,,,,,,,,,,,,,,,,,
24,11,24.0,17.0,42.0,24.0,24.0,19.0,24.0,11.0,24.0,,,,,,,,,,,,,,,,,,,,,,,,,,,,,,,,,,,,,,,,,,,,,,,,,,,,,,,,,,,,,,,,,,,,,,,,,,,,,,,,,,,,,,,,,,,,
19,24,11.0,24.0,24.0,24.0,24.0,24.0,,,,,,,,,,,,,,,,,,,,,,,,,,,,,,,,,,,,,,,,,,,,,,,,,,,,,,,,,,,,,,,,,,,,,,,,,,,,,,,,,,,,,,,,,,,,,,,
24,8,24.0,11.0,24.0,24.0,8.0,24.0,11.0,24.0,17.0,42.0,24.0,37.0,25.0,24.0,24.0,17.0,42.0,42.0,24.0,37.0,25.0,24.0,24.0,,,,,,,,,,,,,,,,,,,,,,,,,,,,,,,,,,,,,,,,,,,,,,,,,,,,,,,,,,,,,,,,,,,,,,,,,,,,,,
19,24,19.0,24.0,27.0,28.0,24.0,24.0,24.0,37.0,5.0,24.0,24.0,11.0,24.0,1.0,9.0,9.0,9.0,9.0,9.0,9.0,24.0,,,,,,,,,,,,,,,,,,,,,,,,,,,,,,,,,,,,,,,,,,,,,,,,,,,,,,,,,,,,,,,,,,,,,,,,,,,,,,,,
19,24,37.0,5.0,7.0,24.0,24.0,11.0,24.0,1.0,9.0,9.0,9.0,9.0,9.0,9.0,9.0,9.0,24.0,11.0,24.0,36.0,40.0,40.0,24.0,,,,,,,,,,,,,,,,,,,,,,,,,,,,,,,,,,,,,,,,,,,,,,,,,,,,,,,,,,,,,,,,,,,,,,,,,,,,,,
24,19,27.0,24.0,24.0,37.0,5.0,29.0,15.0,24.0,24.0,11.0,24.0,1.0,9.0,24.0,1.0,9.0,24.0,24.0,24.0,24.0,24.0,,,,,,,,,,,,,,,,,,,,,,,,,,,,,,,,,,,,,,,,,,,,,,,,,,,,,,,,,,,,,,,,,,,,,,,,,,,,,,,,
24,24,24.0,,,,,,,,,,,,,,,,,,,,,,,,,,,,,,,,,,,,,,,,,,,,,,,,,,,,,,,,,,,,,,,,,,,,,,,,,,,,,,,,,,,,,,,,,,,,,,,,,,,,
24,11,19.0,24.0,11.0,6.0,6.0,24.0,24.0,19.0,24.0,11.0,24.0,27.0,28.0,28.0,19.0,24.0,,,,,,,,,,,,,,,,,,,,,,,,,,,,,,,,,,,,,,,,,,,,,,,,,,,,,,,,,,,,,,,,,,,,,,,,,,,,,,,,,,,,,
24,24,24.0,24.0,24.0,24.0,24.0,19.0,10.0,13.0,24.0,,,,,,,,,,,,,,,,,,,,,,,,,,,,,,,,,,,,,,,,,,,,,,,,,,,,,,,,,,,,,,,,,,,,,,,,,,,,,,,,,,,,,,,,,,,,
24,24,24.0,19.0,24.0,19.0,13.0,24.0,24.0,24.0,24.0,24.0,24.0,24.0,24.0,24.0,24.0,24.0,24.0,24.0,,,,,,,,,,,,,,,,,,,,,,,,,,,,,,,,,,,,,,,,,,,,,,,,,,,,,,,,,,,,,,,,,,,,,,,,,,,,,,,,,,,
24,19,24.0,11.0,24.0,11.0,24.0,11.0,24.0,24.0,,,,,,,,,,,,,,,,,,,,,,,,,,,,,,,,,,,,,,,,,,,,,,,,,,,,,,,,,,,,,,,,,,,,,,,,,,,,,,,,,,,,,,,,,,,,,
19,10,10.0,10.0,10.0,13.0,24.0,19.0,24.0,24.0,11.0,24.0,24.0,36.0,40.0,40.0,40.0,24.0,,,,,,,,,,,,,,,,,,,,,,,,,,,,,,,,,,,,,,,,,,,,,,,,,,,,,,,,,,,,,,,,,,,,,,,,,,,,,,,,,,,,,
19,24,19.0,24.0,24.0,24.0,19.0,10.0,24.0,19.0,24.0,24.0,24.0,11.0,24.0,1.0,9.0,9.0,9.0,24.0,1.0,9.0,24.0,24.0,24.0,24.0,,,,,,,,,,,,,,,,,,,,,,,,,,,,,,,,,,,,,,,,,,,,,,,,,,,,,,,,,,,,,,,,,,,,,,,,,,,,,
24,19,24.0,24.0,11.0,24.0,19.0,10.0,24.0,24.0,15.0,18.0,24.0,24.0,19.0,24.0,24.0,24.0,24.0,24.0,24.0,24.0,24.0,24.0,24.0,24.0,,,,,,,,,,,,,,,,,,,,,,,,,,,,,,,,,,,,,,,,,,,,,,,,,,,,,,,,,,,,,,,,,,,,,,,,,,,,,
24,24,24.0,19.0,24.0,11.0,24.0,24.0,8.0,41.0,24.0,37.0,25.0,24.0,11.0,24.0,37.0,25.0,24.0,11.0,24.0,27.0,15.0,24.0,24.0,24.0,24.0,24.0,19.0,13.0,24.0,11.0,6.0,24.0,,,,,,,,,,,,,,,,,,,,,,,,,,,,,,,,,,,,,,,,,,,,,,,,,,,,,,,,,,,,,,,,,,,,,
24,24,24.0,24.0,24.0,24.0,24.0,24.0,24.0,24.0,24.0,24.0,24.0,,,,,,,,,,,,,,,,,,,,,,,,,,,,,,,,,,,,,,,,,,,,,,,,,,,,,,,,,,,,,,,,,,,,,,,,,,,,,,,,,,,,,,,,,,
24,27,19.0,24.0,37.0,5.0,24.0,37.0,5.0,24.0,24.0,11.0,24.0,24.0,24.0,19.0,24.0,24.0,11.0,24.0,24.0,24.0,19.0,10.0,24.0,24.0,24.0,,,,,,,,,,,,,,,,,,,,,,,,,,,,,,,,,,,,,,,,,,,,,,,,,,,,,,,,,,,,,,,,,,,,,,,,,,,,
24,24,24.0,24.0,24.0,24.0,24.0,24.0,13.0,19.0,10.0,24.0,,,,,,,,,,,,,,,,,,,,,,,,,,,,,,,,,,,,,,,,,,,,,,,,,,,,,,,,,,,,,,,,,,,,,,,,,,,,,,,,,,,,,,,,,,,
24,24,24.0,24.0,24.0,19.0,13.0,24.0,24.0,24.0,24.0,21.0,24.0,24.0,24.0,24.0,24.0,24.0,24.0,13.0,24.0,,,,,,,,,,,,,,,,,,,,,,,,,,,,,,,,,,,,,,,,,,,,,,,,,,,,,,,,,,,,,,,,,,,,,,,,,,,,,,,,,,
24,24,11.0,24.0,24.0,8.0,41.0,41.0,24.0,1.0,9.0,9.0,9.0,9.0,9.0,9.0,9.0,9.0,9.0,24.0,24.0,,,,,,,,,,,,,,,,,,,,,,,,,,,,,,,,,,,,,,,,,,,,,,,,,,,,,,,,,,,,,,,,,,,,,,,,,,,,,,,,,,
24,24,24.0,24.0,24.0,24.0,24.0,24.0,24.0,24.0,24.0,24.0,24.0,24.0,24.0,24.0,24.0,,,,,,,,,,,,,,,,,,,,,,,,,,,,,,,,,,,,,,,,,,,,,,,,,,,,,,,,,,,,,,,,,,,,,,,,,,,,,,,,,,,,,,
37,5,19.0,24.0,11.0,24.0,37.0,5.0,27.0,19.0,24.0,11.0,24.0,19.0,10.0,24.0,24.0,,,,,,,,,,,,,,,,,,,,,,,,,,,,,,,,,,,,,,,,,,,,,,,,,,,,,,,,,,,,,,,,,,,,,,,,,,,,,,,,,,,,,,
24,8,24.0,24.0,24.0,11.0,19.0,24.0,24.0,24.0,24.0,24.0,24.0,,,,,,,,,,,,,,,,,,,,,,,,,,,,,,,,,,,,,,,,,,,,,,,,,,,,,,,,,,,,,,,,,,,,,,,,,,,,,,,,,,,,,,,,,,
24,24,11.0,24.0,24.0,24.0,24.0,24.0,24.0,24.0,24.0,24.0,,,,,,,,,,,,,,,,,,,,,,,,,,,,,,,,,,,,,,,,,,,,,,,,,,,,,,,,,,,,,,,,,,,,,,,,,,,,,,,,,,,,,,,,,,,
19,10,10.0,10.0,10.0,10.0,13.0,24.0,24.0,24.0,24.0,24.0,24.0,24.0,24.0,24.0,,,,,,,,,,,,,,,,,,,,,,,,,,,,,,,,,,,,,,,,,,,,,,,,,,,,,,,,,,,,,,,,,,,,,,,,,,,,,,,,,,,,,,,
24,19,10.0,24.0,11.0,24.0,24.0,24.0,7.0,12.0,24.0,27.0,19.0,24.0,17.0,42.0,24.0,24.0,24.0,24.0,24.0,11.0,24.0,24.0,19.0,27.0,24.0,,,,,,,,,,,,,,,,,,,,,,,,,,,,,,,,,,,,,,,,,,,,,,,,,,,,,,,,,,,,,,,,,,,,,,,,,,,,
24,24,19.0,24.0,11.0,6.0,24.0,37.0,25.0,24.0,37.0,25.0,24.0,24.0,37.0,25.0,24.0,37.0,25.0,24.0,19.0,24.0,37.0,5.0,24.0,24.0,19.0,24.0,37.0,5.0,24.0,24.0,24.0,24.0,19.0,24.0,15.0,13.0,24.0,15.0,13.0,31.0,24.0,,,,,,,,,,,,,,,,,,,,,,,,,,,,,,,,,,,,,,,,,,,,,,,,,,,,,,,,,,,,
24,39,24.0,11.0,24.0,24.0,20.0,26.0,26.0,24.0,24.0,24.0,11.0,24.0,24.0,20.0,26.0,26.0,26.0,26.0,24.0,15.0,24.0,15.0,24.0,24.0,15.0,27.0,24.0,,,,,,,,,,,,,,,,,,,,,,,,,,,,,,,,,,,,,,,,,,,,,,,,,,,,,,,,,,,,,,,,,,,,,,,,,,
24,37,5.0,24.0,19.0,24.0,37.0,5.0,29.0,24.0,19.0,27.0,24.0,37.0,5.0,27.0,24.0,19.0,10.0,24.0,17.0,11.0,24.0,24.0,19.0,24.0,17.0,11.0,24.0,24.0,24.0,19.0,39.0,24.0,,,,,,,,,,,,,,,,,,,,,,,,,,,,,,,,,,,,,,,,,,,,,,,,,,,,,,,,,,,,,,,,,,,,,
24,24,19.0,27.0,24.0,37.0,5.0,24.0,11.0,24.0,37.0,5.0,24.0,5.0,29.0,29.0,24.0,19.0,27.0,24.0,37.0,5.0,24.0,37.0,25.0,24.0,,,,,,,,,,,,,,,,,,,,,,,,,,,,,,,,,,,,,,,,,,,,,,,,,,,,,,,,,,,,,,,,,,,,,,,,,,,,,
24,24,24.0,24.0,24.0,19.0,24.0,24.0,11.0,24.0,37.0,25.0,24.0,37.0,25.0,24.0,19.0,24.0,,,,,,,,,,,,,,,,,,,,,,,,,,,,,,,,,,,,,,,,,,,,,,,,,,,,,,,,,,,,,,,,,,,,,,,,,,,,,,,,,,,,,
24,24,24.0,24.0,24.0,24.0,24.0,24.0,24.0,24.0,,,,,,,,,,,,,,,,,,,,,,,,,,,,,,,,,,,,,,,,,,,,,,,,,,,,,,,,,,,,,,,,,,,,,,,,,,,,,,,,,,,,,,,,,,,,,
24,11,24.0,37.0,25.0,24.0,24.0,24.0,19.0,24.0,11.0,24.0,24.0,37.0,0.0,14.0,16.0,16.0,8.0,24.0,11.0,24.0,37.0,25.0,24.0,37.0,25.0,24.0,,,,,,,,,,,,,,,,,,,,,,,,,,,,,,,,,,,,,,,,,,,,,,,,,,,,,,,,,,,,,,,,,,,,,,,,,,,
24,24,24.0,,,,,,,,,,,,,,,,,,,,,,,,,,,,,,,,,,,,,,,,,,,,,,,,,,,,,,,,,,,,,,,,,,,,,,,,,,,,,,,,,,,,,,,,,,,,,,,,,,,,
24,24,24.0,24.0,24.0,24.0,24.0,15.0,24.0,13.0,19.0,10.0,13.0,,,,,,,,,,,,,,,,,,,,,,,,,,,,,,,,,,,,,,,,,,,,,,,,,,,,,,,,,,,,,,,,,,,,,,,,,,,,,,,,,,,,,,,,,,
24,24,24.0,7.0,12.0,24.0,19.0,24.0,24.0,24.0,24.0,5.0,29.0,24.0,15.0,24.0,15.0,24.0,37.0,33.0,33.0,24.0,11.0,24.0,37.0,5.0,24.0,19.0,24.0,11.0,24.0,24.0,24.0,19.0,24.0,,,,,,,,,,,,,,,,,,,,,,,,,,,,,,,,,,,,,,,,,,,,,,,,,,,,,,,,,,,,,,,,,,,,
24,37,25.0,24.0,24.0,19.0,11.0,24.0,27.0,19.0,24.0,,,,,,,,,,,,,,,,,,,,,,,,,,,,,,,,,,,,,,,,,,,,,,,,,,,,,,,,,,,,,,,,,,,,,,,,,,,,,,,,,,,,,,,,,,,,
24,24,24.0,,,,,,,,,,,,,,,,,,,,,,,,,,,,,,,,,,,,,,,,,,,,,,,,,,,,,,,,,,,,,,,,,,,,,,,,,,,,,,,,,,,,,,,,,,,,,,,,,,,,
24,24,11.0,24.0,24.0,19.0,24.0,11.0,24.0,24.0,24.0,24.0,24.0,37.0,25.0,24.0,24.0,24.0,24.0,24.0,24.0,24.0,24.0,24.0,24.0,11.0,24.0,37.0,25.0,24.0,11.0,24.0,11.0,24.0,27.0,19.0,24.0,19.0,24.0,19.0,24.0,19.0,24.0,24.0,,,,,,,,,,,,,,,,,,,,,,,,,,,,,,,,,,,,,,,,,,,,,,,,,,,,,,,,,,,
20,24,15.0,27.0,24.0,0.0,24.0,24.0,37.0,24.0,24.0,24.0,24.0,37.0,24.0,24.0,24.0,24.0,37.0,24.0,24.0,24.0,24.0,37.0,24.0,24.0,24.0,24.0,37.0,24.0,24.0,24.0,24.0,37.0,24.0,24.0,24.0,24.0,37.0,24.0,24.0,24.0,24.0,37.0,24.0,24.0,24.0,24.0,37.0,24.0,24.0,24.0,24.0,37.0,24.0,24.0,24.0,24.0,37.0,24.0,24.0,24.0,24.0,,,,,,,,,,,,,,,,,,,,,,,,,,,,,,,,,,,,,,,,
24,19,24.0,11.0,24.0,19.0,24.0,11.0,6.0,6.0,24.0,24.0,24.0,24.0,8.0,41.0,24.0,14.0,8.0,24.0,37.0,25.0,24.0,37.0,5.0,29.0,19.0,24.0,24.0,37.0,5.0,24.0,1.0,9.0,24.0,24.0,37.0,5.0,29.0,19.0,24.0,19.0,24.0,24.0,37.0,5.0,24.0,1.0,9.0,24.0,24.0,24.0,24.0,24.0,,,,,,,,,,,,,,,,,,,,,,,,,,,,,,,,,,,,,,,,,,,,,,,,,
24,11,24.0,24.0,24.0,24.0,19.0,24.0,37.0,5.0,24.0,37.0,5.0,29.0,24.0,27.0,24.0,11.0,24.0,24.0,19.0,24.0,24.0,24.0,11.0,24.0,24.0,14.0,16.0,16.0,8.0,24.0,,,,,,,,,,,,,,,,,,,,,,,,,,,,,,,,,,,,,,,,,,,,,,,,,,,,,,,,,,,,,,,,,,,,,,,
24,19,24.0,11.0,24.0,37.0,25.0,24.0,,,,,,,,,,,,,,,,,,,,,,,,,,,,,,,,,,,,,,,,,,,,,,,,,,,,,,,,,,,,,,,,,,,,,,,,,,,,,,,,,,,,,,,,,,,,,,,
24,24,24.0,24.0,19.0,24.0,24.0,11.0,24.0,37.0,5.0,24.0,19.0,10.0,24.0,19.0,24.0,1.0,24.0,24.0,37.0,5.0,24.0,19.0,10.0,10.0,24.0,11.0,24.0,11.0,19.0,24.0,19.0,24.0,1.0,24.0,24.0,24.0,11.0,24.0,37.0,25.0,24.0,11.0,24.0,37.0,25.0,24.0,24.0,24.0,19.0,24.0,24.0,37.0,25.0,24.0,11.0,6.0,6.0,24.0,19.0,24.0,,,,,,,,,,,,,,,,,,,,,,,,,,,,,,,,,,,,,,,,,
24,24,24.0,,,,,,,,,,,,,,,,,,,,,,,,,,,,,,,,,,,,,,,,,,,,,,,,,,,,,,,,,,,,,,,,,,,,,,,,,,,,,,,,,,,,,,,,,,,,,,,,,,,,
24,8,24.0,11.0,24.0,11.0,24.0,37.0,25.0,24.0,37.0,25.0,24.0,24.0,24.0,11.0,24.0,17.0,42.0,24.0,,,,,,,,,,,,,,,,,,,,,,,,,,,,,,,,,,,,,,,,,,,,,,,,,,,,,,,,,,,,,,,,,,,,,,,,,,,,,,,,,,,
24,24,24.0,24.0,24.0,24.0,24.0,24.0,24.0,24.0,24.0,24.0,24.0,24.0,24.0,24.0,,,,,,,,,,,,,,,,,,,,,,,,,,,,,,,,,,,,,,,,,,,,,,,,,,,,,,,,,,,,,,,,,,,,,,,,,,,,,,,,,,,,,,,
24,24,24.0,24.0,24.0,24.0,24.0,24.0,24.0,24.0,24.0,24.0,24.0,24.0,24.0,24.0,24.0,24.0,24.0,24.0,24.0,24.0,,,,,,,,,,,,,,,,,,,,,,,,,,,,,,,,,,,,,,,,,,,,,,,,,,,,,,,,,,,,,,,,,,,,,,,,,,,,,,,,,
24,19,27.0,24.0,11.0,24.0,27.0,19.0,24.0,37.0,5.0,29.0,29.0,24.0,24.0,11.0,24.0,,,,,,,,,,,,,,,,,,,,,,,,,,,,,,,,,,,,,,,,,,,,,,,,,,,,,,,,,,,,,,,,,,,,,,,,,,,,,,,,,,,,,,
24,19,24.0,11.0,24.0,19.0,24.0,11.0,24.0,11.0,17.0,42.0,24.0,24.0,24.0,24.0,24.0,24.0,24.0,24.0,24.0,24.0,24.0,24.0,24.0,24.0,,,,,,,,,,,,,,,,,,,,,,,,,,,,,,,,,,,,,,,,,,,,,,,,,,,,,,,,,,,,,,,,,,,,,,,,,,,,,
24,24,24.0,,,,,,,,,,,,,,,,,,,,,,,,,,,,,,,,,,,,,,,,,,,,,,,,,,,,,,,,,,,,,,,,,,,,,,,,,,,,,,,,,,,,,,,,,,,,,,,,,,,,
24,27,19.0,24.0,37.0,5.0,24.0,37.0,5.0,24.0,24.0,19.0,10.0,10.0,24.0,37.0,5.0,24.0,37.0,5.0,24.0,24.0,19.0,10.0,24.0,37.0,5.0,24.0,37.0,5.0,24.0,24.0,19.0,10.0,24.0,37.0,5.0,24.0,37.0,5.0,24.0,24.0,19.0,24.0,37.0,5.0,24.0,37.0,5.0,24.0,24.0,19.0,24.0,37.0,5.0,24.0,37.0,5.0,24.0,24.0,24.0,5.0,29.0,37.0,33.0,33.0,33.0,33.0,33.0,33.0,33.0,33.0,33.0,33.0,24.0,11.0,17.0,24.0,11.0,24.0,37.0,25.0,24.0,37.0,25.0,24.0,,,,,,,,,,,,,,,,,
19,10,27.0,24.0,24.0,27.0,19.0,10.0,24.0,19.0,10.0,10.0,24.0,24.0,1.0,24.0,24.0,15.0,24.0,15.0,24.0,37.0,24.0,21.0,38.0,37.0,4.0,32.0,32.0,24.0,24.0,11.0,24.0,24.0,36.0,40.0,24.0,,,,,,,,,,,,,,,,,,,,,,,,,,,,,,,,,,,,,,,,,,,,,,,,,,,,,,,,,,,,,,,,,,
24,24,24.0,24.0,24.0,15.0,27.0,24.0,19.0,10.0,24.0,11.0,24.0,24.0,19.0,24.0,24.0,24.0,27.0,24.0,19.0,24.0,19.0,10.0,24.0,11.0,24.0,37.0,25.0,24.0,11.0,24.0,11.0,24.0,11.0,24.0,24.0,24.0,24.0,24.0,24.0,24.0,,,,,,,,,,,,,,,,,,,,,,,,,,,,,,,,,,,,,,,,,,,,,,,,,,,,,,,,,,,,,
24,24,24.0,24.0,24.0,24.0,24.0,24.0,24.0,24.0,24.0,24.0,24.0,24.0,24.0,24.0,24.0,24.0,24.0,,,,,,,,,,,,,,,,,,,,,,,,,,,,,,,,,,,,,,,,,,,,,,,,,,,,,,,,,,,,,,,,,,,,,,,,,,,,,,,,,,,,
24,19,10.0,10.0,10.0,10.0,13.0,24.0,11.0,24.0,24.0,36.0,24.0,24.0,,,,,,,,,,,,,,,,,,,,,,,,,,,,,,,,,,,,,,,,,,,,,,,,,,,,,,,,,,,,,,,,,,,,,,,,,,,,,,,,,,,,,,,,,
19,24,19.0,24.0,21.0,24.0,37.0,4.0,32.0,32.0,24.0,24.0,11.0,24.0,1.0,9.0,24.0,24.0,24.0,24.0,,,,,,,,,,,,,,,,,,,,,,,,,,,,,,,,,,,,,,,,,,,,,,,,,,,,,,,,,,,,,,,,,,,,,,,,,,,,,,,,,,,
24,24,37.0,5.0,24.0,37.0,5.0,19.0,10.0,24.0,17.0,11.0,24.0,24.0,19.0,24.0,,,,,,,,,,,,,,,,,,,,,,,,,,,,,,,,,,,,,,,,,,,,,,,,,,,,,,,,,,,,,,,,,,,,,,,,,,,,,,,,,,,,,,,
24,11,24.0,24.0,8.0,24.0,19.0,24.0,24.0,24.0,24.0,19.0,13.0,24.0,11.0,24.0,24.0,24.0,8.0,24.0,,,,,,,,,,,,,,,,,,,,,,,,,,,,,,,,,,,,,,,,,,,,,,,,,,,,,,,,,,,,,,,,,,,,,,,,,,,,,,,,,,,
24,13,31.0,31.0,19.0,10.0,10.0,13.0,31.0,24.0,11.0,24.0,36.0,40.0,40.0,40.0,40.0,24.0,24.0,,,,,,,,,,,,,,,,,,,,,,,,,,,,,,,,,,,,,,,,,,,,,,,,,,,,,,,,,,,,,,,,,,,,,,,,,,,,,,,,,,,,
24,19,24.0,11.0,24.0,11.0,6.0,24.0,37.0,25.0,24.0,24.0,24.0,19.0,10.0,10.0,24.0,,,,,,,,,,,,,,,,,,,,,,,,,,,,,,,,,,,,,,,,,,,,,,,,,,,,,,,,,,,,,,,,,,,,,,,,,,,,,,,,,,,,,,
24,19,24.0,37.0,33.0,33.0,24.0,19.0,27.0,24.0,24.0,19.0,27.0,24.0,11.0,24.0,24.0,24.0,24.0,24.0,24.0,24.0,24.0,24.0,24.0,,,,,,,,,,,,,,,,,,,,,,,,,,,,,,,,,,,,,,,,,,,,,,,,,,,,,,,,,,,,,,,,,,,,,,,,,,,,,,
13,19,13.0,24.0,11.0,24.0,24.0,36.0,40.0,40.0,40.0,24.0,19.0,24.0,15.0,24.0,15.0,24.0,24.0,27.0,28.0,24.0,,,,,,,,,,,,,,,,,,,,,,,,,,,,,,,,,,,,,,,,,,,,,,,,,,,,,,,,,,,,,,,,,,,,,,,,,,,,,,,,,
24,24,27.0,28.0,19.0,27.0,24.0,24.0,11.0,24.0,24.0,19.0,39.0,24.0,24.0,39.0,24.0,37.0,25.0,22.0,24.0,37.0,25.0,24.0,11.0,24.0,37.0,25.0,24.0,,,,,,,,,,,,,,,,,,,,,,,,,,,,,,,,,,,,,,,,,,,,,,,,,,,,,,,,,,,,,,,,,,,,,,,,,,
19,27,24.0,37.0,5.0,24.0,24.0,19.0,24.0,37.0,5.0,24.0,24.0,11.0,24.0,37.0,5.0,24.0,19.0,24.0,37.0,5.0,24.0,24.0,37.0,25.0,24.0,17.0,11.0,24.0,37.0,25.0,24.0,24.0,19.0,24.0,37.0,5.0,24.0,24.0,17.0,11.0,24.0,24.0,19.0,24.0,24.0,17.0,42.0,42.0,24.0,24.0,37.0,25.0,24.0,,,,,,,,,,,,,,,,,,,,,,,,,,,,,,,,,,,,,,,,,,,,,,,,
24,24,24.0,24.0,15.0,24.0,11.0,24.0,15.0,24.0,24.0,15.0,24.0,24.0,24.0,19.0,24.0,24.0,24.0,19.0,24.0,19.0,10.0,24.0,24.0,24.0,24.0,24.0,19.0,24.0,24.0,24.0,24.0,24.0,24.0,24.0,24.0,24.0,7.0,12.0,24.0,15.0,24.0,11.0,24.0,19.0,27.0,24.0,19.0,24.0,1.0,9.0,24.0,37.0,5.0,24.0,37.0,5.0,24.0,24.0,11.0,24.0,27.0,19.0,10.0,24.0,,,,,,,,,,,,,,,,,,,,,,,,,,,,,,,,,,,,,
19,10,10.0,10.0,10.0,10.0,10.0,10.0,10.0,24.0,24.0,24.0,24.0,24.0,24.0,11.0,24.0,24.0,24.0,24.0,24.0,24.0,24.0,24.0,24.0,24.0,24.0,19.0,24.0,24.0,24.0,24.0,24.0,24.0,24.0,19.0,24.0,19.0,24.0,,,,,,,,,,,,,,,,,,,,,,,,,,,,,,,,,,,,,,,,,,,,,,,,,,,,,,,,,,,,,,,,
24,24,24.0,24.0,24.0,19.0,10.0,10.0,10.0,13.0,24.0,24.0,24.0,24.0,24.0,24.0,24.0,24.0,24.0,24.0,,,,,,,,,,,,,,,,,,,,,,,,,,,,,,,,,,,,,,,,,,,,,,,,,,,,,,,,,,,,,,,,,,,,,,,,,,,,,,,,,,,
13,31,24.0,19.0,24.0,24.0,24.0,24.0,24.0,24.0,24.0,24.0,24.0,24.0,11.0,24.0,11.0,24.0,19.0,24.0,19.0,24.0,19.0,10.0,27.0,24.0,24.0,24.0,24.0,24.0,24.0,24.0,24.0,24.0,24.0,24.0,37.0,5.0,19.0,10.0,24.0,27.0,28.0,24.0,1.0,24.0,24.0,11.0,24.0,37.0,5.0,24.0,24.0,24.0,19.0,24.0,37.0,5.0,29.0,24.0,24.0,19.0,24.0,37.0,5.0,29.0,24.0,24.0,19.0,24.0,37.0,5.0,29.0,24.0,24.0,11.0,24.0,24.0,37.0,25.0,24.0,,,,,,,,,,,,,,,,,,,,,,
24,11,24.0,37.0,25.0,24.0,37.0,25.0,24.0,24.0,19.0,24.0,11.0,24.0,11.0,24.0,11.0,17.0,24.0,37.0,25.0,24.0,,,,,,,,,,,,,,,,,,,,,,,,,,,,,,,,,,,,,,,,,,,,,,,,,,,,,,,,,,,,,,,,,,,,,,,,,,,,,,,,,
24,24,24.0,24.0,24.0,24.0,24.0,24.0,24.0,24.0,24.0,,,,,,,,,,,,,,,,,,,,,,,,,,,,,,,,,,,,,,,,,,,,,,,,,,,,,,,,,,,,,,,,,,,,,,,,,,,,,,,,,,,,,,,,,,,,
24,19,27.0,24.0,11.0,24.0,36.0,40.0,24.0,19.0,24.0,24.0,27.0,19.0,27.0,11.0,24.0,11.0,24.0,37.0,25.0,24.0,19.0,35.0,24.0,,,,,,,,,,,,,,,,,,,,,,,,,,,,,,,,,,,,,,,,,,,,,,,,,,,,,,,,,,,,,,,,,,,,,,,,,,,,,,
