0,1,2,3,4,5,6,7,8,9,10,11,12,13,14,15,16,17,18,19,20,21,22,23,24,25,26,27,28,29,30,31,32,33,34,35,36,37,38,39,40,41,42,43,44,45,46,47,48,49,50,51,52,53,54,55,56,57,58,59,60,61
6931,738.0,11263.0,,,,,,,,,,,,,,,,,,,,,,,,,,,,,,,,,,,,,,,,,,,,,,,,,,,,,,,,,,,
11117,16132.0,26776.0,9736.0,,,,,,,,,,,,,,,,,,,,,,,,,,,,,,,,,,,,,,,,,,,,,,,,,,,,,,,,,,
24475,,,,,,,,,,,,,,,,,,,,,,,,,,,,,,,,,,,,,,,,,,,,,,,,,,,,,,,,,,,,,
7842,11263.0,6731.0,14716.0,,,,,,,,,,,,,,,,,,,,,,,,,,,,,,,,,,,,,,,,,,,,,,,,,,,,,,,,,,
27181,8397.0,11263.0,,,,,,,,,,,,,,,,,,,,,,,,,,,,,,,,,,,,,,,,,,,,,,,,,,,,,,,,,,,
2701,9873.0,,,,,,,,,,,,,,,,,,,,,,,,,,,,,,,,,,,,,,,,,,,,,,,,,,,,,,,,,,,,
20427,13367.0,20689.0,14659.0,8559.0,20742.0,2108.0,2874.0,9097.0,1087.0,9555.0,,,,,,,,,,,,,,,,,,,,,,,,,,,,,,,,,,,,,,,,,,,,,,,,,,,
13311,5284.0,11850.0,9963.0,6592.0,24723.0,26982.0,9555.0,,,,,,,,,,,,,,,,,,,,,,,,,,,,,,,,,,,,,,,,,,,,,,,,,,,,,,
3737,22745.0,10847.0,24723.0,5222.0,24723.0,7155.0,24962.0,16781.0,7964.0,26525.0,27795.0,5235.0,9921.0,26177.0,740.0,12501.0,2874.0,13539.0,11371.0,22656.0,24962.0,162.0,12781.0,24723.0,2707.0,24723.0,7155.0,9555.0,,,,,,,,,,,,,,,,,,,,,,,,,,,,,,,,,
22517,18634.0,2116.0,18800.0,3672.0,5921.0,12549.0,9555.0,,,,,,,,,,,,,,,,,,,,,,,,,,,,,,,,,,,,,,,,,,,,,,,,,,,,,,
9261,,,,,,,,,,,,,,,,,,,,,,,,,,,,,,,,,,,,,,,,,,,,,,,,,,,,,,,,,,,,,
7009,6323.0,11263.0,,,,,,,,,,,,,,,,,,,,,,,,,,,,,,,,,,,,,,,,,,,,,,,,,,,,,,,,,,,
24964,11263.0,,,,,,,,,,,,,,,,,,,,,,,,,,,,,,,,,,,,,,,,,,,,,,,,,,,,,,,,,,,,
21241,5253.0,11263.0,,,,,,,,,,,,,,,,,,,,,,,,,,,,,,,,,,,,,,,,,,,,,,,,,,,,,,,,,,,
3710,24719.0,11263.0,,,,,,,,,,,,,,,,,,,,,,,,,,,,,,,,,,,,,,,,,,,,,,,,,,,,,,,,,,,
16135,11263.0,,,,,,,,,,,,,,,,,,,,,,,,,,,,,,,,,,,,,,,,,,,,,,,,,,,,,,,,,,,,
3274,,,,,,,,,,,,,,,,,,,,,,,,,,,,,,,,,,,,,,,,,,,,,,,,,,,,,,,,,,,,,
21216,9963.0,16044.0,,,,,,,,,,,,,,,,,,,,,,,,,,,,,,,,,,,,,,,,,,,,,,,,,,,,,,,,,,,
3503,11263.0,,,,,,,,,,,,,,,,,,,,,,,,,,,,,,,,,,,,,,,,,,,,,,,,,,,,,,,,,,,,
27985,24733.0,23238.0,19307.0,11263.0,,,,,,,,,,,,,,,,,,,,,,,,,,,,,,,,,,,,,,,,,,,,,,,,,,,,,,,,,
3757,25582.0,13156.0,25146.0,18992.0,18800.0,27869.0,16945.0,22317.0,27493.0,9963.0,783.0,13575.0,5284.0,15920.0,9555.0,,,,,,,,,,,,,,,,,,,,,,,,,,,,,,,,,,,,,,,,,,,,,,
982,24733.0,11263.0,,,,,,,,,,,,,,,,,,,,,,,,,,,,,,,,,,,,,,,,,,,,,,,,,,,,,,,,,,,
26278,10827.0,12006.0,10321.0,19734.0,4462.0,27828.0,1741.0,26525.0,6775.0,6616.0,9555.0,,,,,,,,,,,,,,,,,,,,,,,,,,,,,,,,,,,,,,,,,,,,,,,,,,
15657,10283.0,8786.0,13019.0,11263.0,,,,,,,,,,,,,,,,,,,,,,,,,,,,,,,,,,,,,,,,,,,,,,,,,,,,,,,,,
14554,,,,,,,,,,,,,,,,,,,,,,,,,,,,,,,,,,,,,,,,,,,,,,,,,,,,,,,,,,,,,
16204,25132.0,11263.0,,,,,,,,,,,,,,,,,,,,,,,,,,,,,,,,,,,,,,,,,,,,,,,,,,,,,,,,,,,
15657,10283.0,8786.0,13019.0,11263.0,,,,,,,,,,,,,,,,,,,,,,,,,,,,,,,,,,,,,,,,,,,,,,,,,,,,,,,,,
16489,11263.0,6063.0,22409.0,5921.0,22886.0,13202.0,27190.0,9555.0,,,,,,,,,,,,,,,,,,,,,,,,,,,,,,,,,,,,,,,,,,,,,,,,,,,,,
6685,1793.0,21054.0,25607.0,13367.0,23535.0,9555.0,,,,,,,,,,,,,,,,,,,,,,,,,,,,,,,,,,,,,,,,,,,,,,,,,,,,,,,
20174,26525.0,19022.0,363.0,24014.0,7772.0,22262.0,5992.0,12721.0,2838.0,24014.0,10971.0,9801.0,19022.0,363.0,12822.0,25842.0,26525.0,11496.0,363.0,12822.0,8549.0,11465.0,19022.0,363.0,12772.0,22151.0,17632.0,27546.0,23666.0,5992.0,19022.0,363.0,12772.0,27305.0,27546.0,,,,,,,,,,,,,,,,,,,,,,,,,,
11452,19497.0,2886.0,5777.0,22274.0,,,,,,,,,,,,,,,,,,,,,,,,,,,,,,,,,,,,,,,,,,,,,,,,,,,,,,,,,
12896,27051.0,5921.0,5509.0,,,,,,,,,,,,,,,,,,,,,,,,,,,,,,,,,,,,,,,,,,,,,,,,,,,,,,,,,,
7009,1319.0,2823.0,3393.0,2886.0,12772.0,5469.0,,,,,,,,,,,,,,,,,,,,,,,,,,,,,,,,,,,,,,,,,,,,,,,,,,,,,,,
4977,,,,,,,,,,,,,,,,,,,,,,,,,,,,,,,,,,,,,,,,,,,,,,,,,,,,,,,,,,,,,
21252,23826.0,15310.0,26169.0,2886.0,8158.0,19459.0,5065.0,26525.0,2886.0,8158.0,19459.0,27168.0,25864.0,17660.0,25373.0,11865.0,2886.0,8158.0,17660.0,,,,,,,,,,,,,,,,,,,,,,,,,,,,,,,,,,,,,,,,,,
21216,2783.0,25835.0,7256.0,5136.0,2874.0,24266.0,16044.0,5284.0,22704.0,18295.0,5284.0,17194.0,14793.0,9555.0,,,,,,,,,,,,,,,,,,,,,,,,,,,,,,,,,,,,,,,,,,,,,,,
18361,,,,,,,,,,,,,,,,,,,,,,,,,,,,,,,,,,,,,,,,,,,,,,,,,,,,,,,,,,,,,
23121,,,,,,,,,,,,,,,,,,,,,,,,,,,,,,,,,,,,,,,,,,,,,,,,,,,,,,,,,,,,,
2783,14554.0,8139.0,5921.0,26803.0,22835.0,2886.0,8158.0,9306.0,5921.0,10023.0,2886.0,8158.0,16601.0,5921.0,10023.0,2886.0,8158.0,8577.0,9555.0,,,,,,,,,,,,,,,,,,,,,,,,,,,,,,,,,,,,,,,,,,
10455,,,,,,,,,,,,,,,,,,,,,,,,,,,,,,,,,,,,,,,,,,,,,,,,,,,,,,,,,,,,,
20753,6995.0,15657.0,11263.0,,,,,,,,,,,,,,,,,,,,,,,,,,,,,,,,,,,,,,,,,,,,,,,,,,,,,,,,,,
25702,9555.0,,,,,,,,,,,,,,,,,,,,,,,,,,,,,,,,,,,,,,,,,,,,,,,,,,,,,,,,,,,,
10801,17052.0,5597.0,6669.0,14604.0,,,,,,,,,,,,,,,,,,,,,,,,,,,,,,,,,,,,,,,,,,,,,,,,,,,,,,,,,
15761,11478.0,,,,,,,,,,,,,,,,,,,,,,,,,,,,,,,,,,,,,,,,,,,,,,,,,,,,,,,,,,,,
12693,1276.0,17774.0,19497.0,2886.0,7853.0,9881.0,11263.0,27418.0,2783.0,5992.0,7256.0,7853.0,8158.0,8658.0,2783.0,2694.0,22174.0,14659.0,7155.0,7980.0,,,,,,,,,,,,,,,,,,,,,,,,,,,,,,,,,,,,,,,,,
18620,27977.0,,,,,,,,,,,,,,,,,,,,,,,,,,,,,,,,,,,,,,,,,,,,,,,,,,,,,,,,,,,,
23305,,,,,,,,,,,,,,,,,,,,,,,,,,,,,,,,,,,,,,,,,,,,,,,,,,,,,,,,,,,,,
26884,15155.0,1909.0,21611.0,23120.0,5455.0,15451.0,19501.0,23120.0,19965.0,22787.0,23120.0,14742.0,15451.0,26501.0,23120.0,9002.0,15897.0,23120.0,6421.0,24626.0,23120.0,19965.0,,,,,,,,,,,,,,,,,,,,,,,,,,,,,,,,,,,,,,,
27985,24733.0,11263.0,,,,,,,,,,,,,,,,,,,,,,,,,,,,,,,,,,,,,,,,,,,,,,,,,,,,,,,,,,,
6893,13460.0,9555.0,,,,,,,,,,,,,,,,,,,,,,,,,,,,,,,,,,,,,,,,,,,,,,,,,,,,,,,,,,,
26278,18887.0,9555.0,,,,,,,,,,,,,,,,,,,,,,,,,,,,,,,,,,,,,,,,,,,,,,,,,,,,,,,,,,,
25490,5921.0,23557.0,13677.0,5921.0,13418.0,,,,,,,,,,,,,,,,,,,,,,,,,,,,,,,,,,,,,,,,,,,,,,,,,,,,,,,,
26278,15190.0,21273.0,,,,,,,,,,,,,,,,,,,,,,,,,,,,,,,,,,,,,,,,,,,,,,,,,,,,,,,,,,,
26278,5421.0,9964.0,23120.0,25269.0,11933.0,,,,,,,,,,,,,,,,,,,,,,,,,,,,,,,,,,,,,,,,,,,,,,,,,,,,,,,,
24541,16568.0,5921.0,783.0,1793.0,13367.0,25429.0,2874.0,3443.0,20624.0,202.0,5284.0,783.0,162.0,847.0,18800.0,21196.0,20624.0,6700.0,11051.0,15282.0,15443.0,14659.0,21392.0,305.0,9555.0,,,,,,,,,,,,,,,,,,,,,,,,,,,,,,,,,,,,
3356,1276.0,17774.0,19497.0,2886.0,7853.0,9881.0,11263.0,27418.0,2783.0,5992.0,7256.0,7853.0,8158.0,8658.0,2783.0,2694.0,22174.0,14659.0,7155.0,7256.0,740.0,26786.0,11263.0,17376.0,9555.0,,,,,,,,,,,,,,,,,,,,,,,,,,,,,,,,,,,,
15173,25005.0,13367.0,9903.0,9963.0,20299.0,13014.0,24962.0,3635.0,22638.0,8829.0,9555.0,,,,,,,,,,,,,,,,,,,,,,,,,,,,,,,,,,,,,,,,,,,,,,,,,,
6685,1793.0,13367.0,16349.0,26496.0,783.0,22704.0,23967.0,5284.0,783.0,1228.0,9525.0,5921.0,11889.0,11327.0,3661.0,8373.0,6925.0,,,,,,,,,,,,,,,,,,,,,,,,,,,,,,,,,,,,,,,,,,,,
15173,18634.0,10829.0,12826.0,7462.0,18893.0,18334.0,9339.0,1659.0,3443.0,10829.0,11399.0,26114.0,25692.0,7276.0,3443.0,20479.0,18149.0,6886.0,2874.0,11576.0,21568.0,18800.0,8667.0,6335.0,21568.0,10829.0,1632.0,8424.0,24962.0,6592.0,9555.0,,,,,,,,,,,,,,,,,,,,,,,,,,,,,,
20427,21117.0,8317.0,6731.0,28302.0,5921.0,14347.0,5921.0,17004.0,18948.0,5921.0,20538.0,5921.0,21388.0,9028.0,18411.0,24723.0,13526.0,13202.0,8351.0,9555.0,,,,,,,,,,,,,,,,,,,,,,,,,,,,,,,,,,,,,,,,,
7304,7343.0,26525.0,2886.0,19537.0,9881.0,11263.0,27418.0,2783.0,5992.0,7256.0,19537.0,8158.0,14958.0,14659.0,7155.0,9963.0,2694.0,14793.0,9555.0,,,,,,,,,,,,,,,,,,,,,,,,,,,,,,,,,,,,,,,,,,
27181,8397.0,23976.0,4792.0,11263.0,,,,,,,,,,,,,,,,,,,,,,,,,,,,,,,,,,,,,,,,,,,,,,,,,,,,,,,,,
2262,11263.0,,,,,,,,,,,,,,,,,,,,,,,,,,,,,,,,,,,,,,,,,,,,,,,,,,,,,,,,,,,,
807,10571.0,5992.0,27730.0,15451.0,3609.0,10571.0,5992.0,15451.0,,,,,,,,,,,,,,,,,,,,,,,,,,,,,,,,,,,,,,,,,,,,,,,,,,,,,
1622,2783.0,3926.0,7256.0,11465.0,18020.0,8158.0,3344.0,23826.0,17782.0,8001.0,2783.0,1489.0,23177.0,7256.0,19497.0,18020.0,8158.0,8658.0,23826.0,27191.0,20635.0,9514.0,18020.0,8158.0,9538.0,23826.0,17782.0,12506.0,10283.0,8626.0,2783.0,26176.0,22573.0,7256.0,6540.0,17447.0,8158.0,26038.0,23826.0,27191.0,2847.0,2301.0,13668.0,8158.0,3344.0,23826.0,17782.0,,,,,,,,,,,,,,
7508,7209.0,,,,,,,,,,,,,,,,,,,,,,,,,,,,,,,,,,,,,,,,,,,,,,,,,,,,,,,,,,,,
16551,9145.0,7580.0,12311.0,1967.0,9555.0,,,,,,,,,,,,,,,,,,,,,,,,,,,,,,,,,,,,,,,,,,,,,,,,,,,,,,,,
20427,12186.0,6731.0,17004.0,7109.0,14166.0,783.0,2603.0,16737.0,9555.0,,,,,,,,,,,,,,,,,,,,,,,,,,,,,,,,,,,,,,,,,,,,,,,,,,,,
3935,26095.0,18846.0,26082.0,597.0,24410.0,9555.0,,,,,,,,,,,,,,,,,,,,,,,,,,,,,,,,,,,,,,,,,,,,,,,,,,,,,,,
15652,7502.0,10441.0,11263.0,,,,,,,,,,,,,,,,,,,,,,,,,,,,,,,,,,,,,,,,,,,,,,,,,,,,,,,,,,
18558,4443.0,11263.0,,,,,,,,,,,,,,,,,,,,,,,,,,,,,,,,,,,,,,,,,,,,,,,,,,,,,,,,,,,
18852,17495.0,11263.0,,,,,,,,,,,,,,,,,,,,,,,,,,,,,,,,,,,,,,,,,,,,,,,,,,,,,,,,,,,
9369,,,,,,,,,,,,,,,,,,,,,,,,,,,,,,,,,,,,,,,,,,,,,,,,,,,,,,,,,,,,,
22764,3345.0,20689.0,26385.0,9555.0,,,,,,,,,,,,,,,,,,,,,,,,,,,,,,,,,,,,,,,,,,,,,,,,,,,,,,,,,
6931,11263.0,,,,,,,,,,,,,,,,,,,,,,,,,,,,,,,,,,,,,,,,,,,,,,,,,,,,,,,,,,,,
6685,1793.0,21117.0,20512.0,7109.0,4360.0,18800.0,20284.0,20163.0,16756.0,9555.0,,,,,,,,,,,,,,,,,,,,,,,,,,,,,,,,,,,,,,,,,,,,,,,,,,,
16788,,,,,,,,,,,,,,,,,,,,,,,,,,,,,,,,,,,,,,,,,,,,,,,,,,,,,,,,,,,,,
23463,27107.0,5921.0,783.0,1793.0,14588.0,7266.0,24962.0,4356.0,19166.0,740.0,2118.0,9555.0,,,,,,,,,,,,,,,,,,,,,,,,,,,,,,,,,,,,,,,,,,,,,,,,,
12297,9555.0,,,,,,,,,,,,,,,,,,,,,,,,,,,,,,,,,,,,,,,,,,,,,,,,,,,,,,,,,,,,
8542,11263.0,,,,,,,,,,,,,,,,,,,,,,,,,,,,,,,,,,,,,,,,,,,,,,,,,,,,,,,,,,,,
15084,,,,,,,,,,,,,,,,,,,,,,,,,,,,,,,,,,,,,,,,,,,,,,,,,,,,,,,,,,,,,
20427,13367.0,21010.0,2874.0,25510.0,7465.0,9555.0,,,,,,,,,,,,,,,,,,,,,,,,,,,,,,,,,,,,,,,,,,,,,,,,,,,,,,,
11463,11263.0,,,,,,,,,,,,,,,,,,,,,,,,,,,,,,,,,,,,,,,,,,,,,,,,,,,,,,,,,,,,
21344,24042.0,13367.0,23137.0,18800.0,27828.0,13367.0,21010.0,2874.0,20717.0,12311.0,11370.0,27184.0,9555.0,,,,,,,,,,,,,,,,,,,,,,,,,,,,,,,,,,,,,,,,,,,,,,,,
20490,,,,,,,,,,,,,,,,,,,,,,,,,,,,,,,,,,,,,,,,,,,,,,,,,,,,,,,,,,,,,
8298,9918.0,19208.0,2874.0,8361.0,3150.0,28116.0,15428.0,9555.0,,,,,,,,,,,,,,,,,,,,,,,,,,,,,,,,,,,,,,,,,,,,,,,,,,,,,
24541,1377.0,7155.0,14952.0,783.0,1793.0,8293.0,13367.0,858.0,15773.0,740.0,11933.0,9555.0,,,,,,,,,,,,,,,,,,,,,,,,,,,,,,,,,,,,,,,,,,,,,,,,,
8519,17084.0,20689.0,350.0,1973.0,2108.0,2874.0,10273.0,9555.0,,,,,,,,,,,,,,,,,,,,,,,,,,,,,,,,,,,,,,,,,,,,,,,,,,,,,
22825,,,,,,,,,,,,,,,,,,,,,,,,,,,,,,,,,,,,,,,,,,,,,,,,,,,,,,,,,,,,,
4073,,,,,,,,,,,,,,,,,,,,,,,,,,,,,,,,,,,,,,,,,,,,,,,,,,,,,,,,,,,,,
26909,,,,,,,,,,,,,,,,,,,,,,,,,,,,,,,,,,,,,,,,,,,,,,,,,,,,,,,,,,,,,
6685,1793.0,14273.0,13367.0,1288.0,9555.0,,,,,,,,,,,,,,,,,,,,,,,,,,,,,,,,,,,,,,,,,,,,,,,,,,,,,,,,
26884,15155.0,1909.0,15525.0,23120.0,9655.0,14507.0,23120.0,8535.0,3358.0,23120.0,20732.0,10192.0,23120.0,23839.0,23008.0,5921.0,14714.0,20959.0,22482.0,5921.0,19949.0,5921.0,8919.0,15904.0,25752.0,16877.0,5921.0,8919.0,20049.0,19614.0,19245.0,,,,,,,,,,,,,,,,,,,,,,,,,,,,,,
24541,2025.0,5921.0,14813.0,5054.0,13367.0,2813.0,26496.0,19380.0,21573.0,9555.0,,,,,,,,,,,,,,,,,,,,,,,,,,,,,,,,,,,,,,,,,,,,,,,,,,,
3356,13142.0,27546.0,,,,,,,,,,,,,,,,,,,,,,,,,,,,,,,,,,,,,,,,,,,,,,,,,,,,,,,,,,,
15610,1370.0,13933.0,4462.0,,,,,,,,,,,,,,,,,,,,,,,,,,,,,,,,,,,,,,,,,,,,,,,,,,,,,,,,,,
7043,15443.0,7710.0,23466.0,24962.0,21480.0,12455.0,16547.0,2783.0,8444.0,7256.0,18219.0,,,,,,,,,,,,,,,,,,,,,,,,,,,,,,,,,,,,,,,,,,,,,,,,,,
10266,10081.0,,,,,,,,,,,,,,,,,,,,,,,,,,,,,,,,,,,,,,,,,,,,,,,,,,,,,,,,,,,,
15820,,,,,,,,,,,,,,,,,,,,,,,,,,,,,,,,,,,,,,,,,,,,,,,,,,,,,,,,,,,,,
16680,5231.0,,,,,,,,,,,,,,,,,,,,,,,,,,,,,,,,,,,,,,,,,,,,,,,,,,,,,,,,,,,,
17238,11263.0,,,,,,,,,,,,,,,,,,,,,,,,,,,,,,,,,,,,,,,,,,,,,,,,,,,,,,,,,,,,
843,13367.0,7769.0,12311.0,23090.0,5921.0,10467.0,5284.0,25439.0,24962.0,783.0,6813.0,8667.0,2029.0,13367.0,9730.0,8667.0,11370.0,16994.0,18639.0,26175.0,3345.0,2108.0,24417.0,2874.0,27240.0,9555.0,,,,,,,,,,,,,,,,,,,,,,,,,,,,,,,,,,,
21570,26247.0,8778.0,11263.0,,,,,,,,,,,,,,,,,,,,,,,,,,,,,,,,,,,,,,,,,,,,,,,,,,,,,,,,,,
3694,23798.0,17521.0,5028.0,18634.0,12585.0,9963.0,14659.0,5028.0,24962.0,28222.0,21054.0,8514.0,9555.0,,,,,,,,,,,,,,,,,,,,,,,,,,,,,,,,,,,,,,,,,,,,,,,,
4977,,,,,,,,,,,,,,,,,,,,,,,,,,,,,,,,,,,,,,,,,,,,,,,,,,,,,,,,,,,,,
21716,23238.0,27238.0,12311.0,24540.0,5921.0,5028.0,24962.0,8623.0,9555.0,,,,,,,,,,,,,,,,,,,,,,,,,,,,,,,,,,,,,,,,,,,,,,,,,,,,
13434,21923.0,1544.0,,,,,,,,,,,,,,,,,,,,,,,,,,,,,,,,,,,,,,,,,,,,,,,,,,,,,,,,,,,
3356,21493.0,12867.0,19360.0,23238.0,5359.0,11873.0,15443.0,14179.0,9881.0,11263.0,27418.0,2783.0,5992.0,7256.0,11873.0,15443.0,14179.0,11236.0,8658.0,2783.0,2694.0,22174.0,14659.0,7155.0,7980.0,,,,,,,,,,,,,,,,,,,,,,,,,,,,,,,,,,,,
23838,8559.0,12311.0,18927.0,9555.0,,,,,,,,,,,,,,,,,,,,,,,,,,,,,,,,,,,,,,,,,,,,,,,,,,,,,,,,,
18300,3624.0,17305.0,5284.0,783.0,23712.0,9963.0,14295.0,21355.0,8464.0,13575.0,5284.0,3520.0,7788.0,11327.0,13367.0,10762.0,3089.0,2874.0,783.0,1275.0,12311.0,10449.0,7155.0,8373.0,9555.0,,,,,,,,,,,,,,,,,,,,,,,,,,,,,,,,,,,,
3356,21148.0,18800.0,9624.0,10911.0,15441.0,9555.0,,,,,,,,,,,,,,,,,,,,,,,,,,,,,,,,,,,,,,,,,,,,,,,,,,,,,,,
1370,4443.0,11263.0,,,,,,,,,,,,,,,,,,,,,,,,,,,,,,,,,,,,,,,,,,,,,,,,,,,,,,,,,,,
21478,13367.0,12440.0,26726.0,18800.0,21928.0,9555.0,,,,,,,,,,,,,,,,,,,,,,,,,,,,,,,,,,,,,,,,,,,,,,,,,,,,,,,
6614,7426.0,15690.0,5921.0,13418.0,,,,,,,,,,,,,,,,,,,,,,,,,,,,,,,,,,,,,,,,,,,,,,,,,,,,,,,,,
5486,379.0,5607.0,,,,,,,,,,,,,,,,,,,,,,,,,,,,,,,,,,,,,,,,,,,,,,,,,,,,,,,,,,,
3356,20427.0,13367.0,7207.0,26983.0,2874.0,4823.0,15443.0,19380.0,18150.0,20763.0,18362.0,8628.0,14659.0,9911.0,12006.0,2783.0,4502.0,7256.0,15143.0,23044.0,5921.0,898.0,9097.0,7214.0,4050.0,14166.0,10321.0,25721.0,9555.0,,,,,,,,,,,,,,,,,,,,,,,,,,,,,,,,
9378,11744.0,10755.0,,,,,,,,,,,,,,,,,,,,,,,,,,,,,,,,,,,,,,,,,,,,,,,,,,,,,,,,,,,
26150,,,,,,,,,,,,,,,,,,,,,,,,,,,,,,,,,,,,,,,,,,,,,,,,,,,,,,,,,,,,,
3905,8261.0,11263.0,,,,,,,,,,,,,,,,,,,,,,,,,,,,,,,,,,,,,,,,,,,,,,,,,,,,,,,,,,,
2783,3790.0,24962.0,6931.0,7256.0,,,,,,,,,,,,,,,,,,,,,,,,,,,,,,,,,,,,,,,,,,,,,,,,,,,,,,,,,
15045,10633.0,8708.0,6616.0,5921.0,27828.0,13367.0,8926.0,2874.0,783.0,21898.0,24962.0,4435.0,7502.0,9963.0,4835.0,15443.0,5958.0,18800.0,13259.0,9555.0,,,,,,,,,,,,,,,,,,,,,,,,,,,,,,,,,,,,,,,,,
20267,27274.0,5284.0,23782.0,14793.0,,,,,,,,,,,,,,,,,,,,,,,,,,,,,,,,,,,,,,,,,,,,,,,,,,,,,,,,,
5134,26169.0,19813.0,12152.0,7155.0,5921.0,15178.0,15443.0,18078.0,19813.0,12152.0,7155.0,9555.0,,,,,,,,,,,,,,,,,,,,,,,,,,,,,,,,,,,,,,,,,,,,,,,,,
14299,20538.0,11263.0,6685.0,1793.0,21117.0,20479.0,5481.0,20216.0,7039.0,12006.0,23836.0,18800.0,13367.0,20077.0,13235.0,24189.0,2694.0,9555.0,,,,,,,,,,,,,,,,,,,,,,,,,,,,,,,,,,,,,,,,,,,
1353,11263.0,,,,,,,,,,,,,,,,,,,,,,,,,,,,,,,,,,,,,,,,,,,,,,,,,,,,,,,,,,,,
27985,7767.0,11263.0,,,,,,,,,,,,,,,,,,,,,,,,,,,,,,,,,,,,,,,,,,,,,,,,,,,,,,,,,,,
9844,21081.0,5921.0,13418.0,,,,,,,,,,,,,,,,,,,,,,,,,,,,,,,,,,,,,,,,,,,,,,,,,,,,,,,,,,
4287,9555.0,,,,,,,,,,,,,,,,,,,,,,,,,,,,,,,,,,,,,,,,,,,,,,,,,,,,,,,,,,,,
24541,1248.0,15046.0,27515.0,5921.0,20352.0,2886.0,21513.0,24253.0,7155.0,4462.0,15276.0,5921.0,9246.0,15426.0,15441.0,24014.0,4462.0,16914.0,5921.0,16635.0,2886.0,5777.0,24253.0,22060.0,18992.0,4462.0,13404.0,13919.0,5921.0,21599.0,2886.0,5777.0,24014.0,4462.0,6656.0,5921.0,26525.0,2886.0,5777.0,24014.0,4462.0,583.0,5921.0,10633.0,27212.0,5777.0,20969.0,4462.0,14544.0,5921.0,15958.0,10847.0,24253.0,8373.0,18992.0,9555.0,,,,,
20913,19205.0,8514.0,7788.0,2122.0,15833.0,12594.0,1691.0,12311.0,10250.0,9555.0,,,,,,,,,,,,,,,,,,,,,,,,,,,,,,,,,,,,,,,,,,,,,,,,,,,
14299,2486.0,19497.0,2886.0,3489.0,14659.0,7155.0,9555.0,,,,,,,,,,,,,,,,,,,,,,,,,,,,,,,,,,,,,,,,,,,,,,,,,,,,,,
22517,11263.0,,,,,,,,,,,,,,,,,,,,,,,,,,,,,,,,,,,,,,,,,,,,,,,,,,,,,,,,,,,,
24781,28026.0,27489.0,,,,,,,,,,,,,,,,,,,,,,,,,,,,,,,,,,,,,,,,,,,,,,,,,,,,,,,,,,,
22981,11744.0,10755.0,,,,,,,,,,,,,,,,,,,,,,,,,,,,,,,,,,,,,,,,,,,,,,,,,,,,,,,,,,,
6685,1793.0,4716.0,20299.0,17409.0,24723.0,7155.0,18800.0,21117.0,10829.0,2900.0,14659.0,2034.0,5028.0,24962.0,28369.0,9555.0,,,,,,,,,,,,,,,,,,,,,,,,,,,,,,,,,,,,,,,,,,,,,
28314,14872.0,16004.0,2874.0,9998.0,23238.0,22462.0,16875.0,2783.0,2108.0,2874.0,3089.0,8829.0,7256.0,9353.0,13367.0,3074.0,,,,,,,,,,,,,,,,,,,,,,,,,,,,,,,,,,,,,,,,,,,,,
27102,1332.0,14052.0,16853.0,18693.0,13162.0,9881.0,11263.0,27418.0,2783.0,5992.0,7256.0,11236.0,15156.0,2783.0,19813.0,10953.0,18992.0,7256.0,740.0,26786.0,9555.0,,,,,,,,,,,,,,,,,,,,,,,,,,,,,,,,,,,,,,,,
24541,783.0,20916.0,25932.0,783.0,15251.0,24590.0,783.0,13398.0,9963.0,2525.0,24962.0,4526.0,26138.0,3848.0,26117.0,15607.0,9555.0,,,,,,,,,,,,,,,,,,,,,,,,,,,,,,,,,,,,,,,,,,,,
13889,,,,,,,,,,,,,,,,,,,,,,,,,,,,,,,,,,,,,,,,,,,,,,,,,,,,,,,,,,,,,
3503,11263.0,,,,,,,,,,,,,,,,,,,,,,,,,,,,,,,,,,,,,,,,,,,,,,,,,,,,,,,,,,,,
27181,8397.0,11263.0,,,,,,,,,,,,,,,,,,,,,,,,,,,,,,,,,,,,,,,,,,,,,,,,,,,,,,,,,,,
670,649.0,10829.0,23251.0,12006.0,17035.0,11147.0,7502.0,17284.0,9353.0,5331.0,8919.0,20049.0,19614.0,5284.0,24956.0,9555.0,,,,,,,,,,,,,,,,,,,,,,,,,,,,,,,,,,,,,,,,,,,,,
843,13367.0,23747.0,12311.0,15276.0,9963.0,14196.0,24962.0,783.0,12579.0,16087.0,9555.0,,,,,,,,,,,,,,,,,,,,,,,,,,,,,,,,,,,,,,,,,,,,,,,,,,
24733,24962.0,4391.0,11263.0,,,,,,,,,,,,,,,,,,,,,,,,,,,,,,,,,,,,,,,,,,,,,,,,,,,,,,,,,,
13645,11263.0,27796.0,5921.0,15455.0,3040.0,830.0,5921.0,8228.0,5921.0,6731.0,11148.0,,,,,,,,,,,,,,,,,,,,,,,,,,,,,,,,,,,,,,,,,,,,,,,,,,
14299,13491.0,9555.0,,,,,,,,,,,,,,,,,,,,,,,,,,,,,,,,,,,,,,,,,,,,,,,,,,,,,,,,,,,
12165,24962.0,11370.0,1214.0,1465.0,13367.0,10897.0,26496.0,783.0,17521.0,21991.0,5284.0,23302.0,15443.0,22492.0,18800.0,2511.0,9555.0,,,,,,,,,,,,,,,,,,,,,,,,,,,,,,,,,,,,,,,,,,,,
10626,11263.0,,,,,,,,,,,,,,,,,,,,,,,,,,,,,,,,,,,,,,,,,,,,,,,,,,,,,,,,,,,,
982,24733.0,11263.0,,,,,,,,,,,,,,,,,,,,,,,,,,,,,,,,,,,,,,,,,,,,,,,,,,,,,,,,,,,
7821,,,,,,,,,,,,,,,,,,,,,,,,,,,,,,,,,,,,,,,,,,,,,,,,,,,,,,,,,,,,,
15243,1104.0,3345.0,12440.0,9555.0,,,,,,,,,,,,,,,,,,,,,,,,,,,,,,,,,,,,,,,,,,,,,,,,,,,,,,,,,
24964,11263.0,,,,,,,,,,,,,,,,,,,,,,,,,,,,,,,,,,,,,,,,,,,,,,,,,,,,,,,,,,,,
2173,6444.0,9555.0,,,,,,,,,,,,,,,,,,,,,,,,,,,,,,,,,,,,,,,,,,,,,,,,,,,,,,,,,,,
17238,11263.0,,,,,,,,,,,,,,,,,,,,,,,,,,,,,,,,,,,,,,,,,,,,,,,,,,,,,,,,,,,,
22762,28346.0,19952.0,2886.0,363.0,12772.0,7155.0,9555.0,,,,,,,,,,,,,,,,,,,,,,,,,,,,,,,,,,,,,,,,,,,,,,,,,,,,,,
13326,,,,,,,,,,,,,,,,,,,,,,,,,,,,,,,,,,,,,,,,,,,,,,,,,,,,,,,,,,,,,
2553,4749.0,5284.0,26418.0,25146.0,2874.0,18078.0,24521.0,363.0,18438.0,27546.0,15224.0,9555.0,,,,,,,,,,,,,,,,,,,,,,,,,,,,,,,,,,,,,,,,,,,,,,,,,
744,5921.0,17550.0,18800.0,27352.0,11263.0,,,,,,,,,,,,,,,,,,,,,,,,,,,,,,,,,,,,,,,,,,,,,,,,,,,,,,,,
6724,8549.0,11465.0,2886.0,3344.0,23826.0,,,,,,,,,,,,,,,,,,,,,,,,,,,,,,,,,,,,,,,,,,,,,,,,,,,,,,,,
27985,1520.0,11263.0,,,,,,,,,,,,,,,,,,,,,,,,,,,,,,,,,,,,,,,,,,,,,,,,,,,,,,,,,,,
6685,1793.0,13367.0,18665.0,19169.0,1214.0,19830.0,9555.0,,,,,,,,,,,,,,,,,,,,,,,,,,,,,,,,,,,,,,,,,,,,,,,,,,,,,,
26777,1967.0,11263.0,,,,,,,,,,,,,,,,,,,,,,,,,,,,,,,,,,,,,,,,,,,,,,,,,,,,,,,,,,,
13769,12090.0,2886.0,11446.0,,,,,,,,,,,,,,,,,,,,,,,,,,,,,,,,,,,,,,,,,,,,,,,,,,,,,,,,,,
8199,9097.0,16994.0,18441.0,7424.0,17422.0,12440.0,5921.0,14659.0,14952.0,7155.0,14786.0,24962.0,11217.0,11339.0,350.0,693.0,17348.0,783.0,5919.0,18634.0,20689.0,5760.0,12120.0,19169.0,24962.0,13480.0,9555.0,,,,,,,,,,,,,,,,,,,,,,,,,,,,,,,,,,
14031,3345.0,27324.0,15443.0,18411.0,6754.0,18800.0,19939.0,13367.0,7576.0,9555.0,,,,,,,,,,,,,,,,,,,,,,,,,,,,,,,,,,,,,,,,,,,,,,,,,,,
3356,15819.0,11263.0,,,,,,,,,,,,,,,,,,,,,,,,,,,,,,,,,,,,,,,,,,,,,,,,,,,,,,,,,,,
11743,,,,,,,,,,,,,,,,,,,,,,,,,,,,,,,,,,,,,,,,,,,,,,,,,,,,,,,,,,,,,
3356,9356.0,18505.0,2886.0,363.0,12822.0,,,,,,,,,,,,,,,,,,,,,,,,,,,,,,,,,,,,,,,,,,,,,,,,,,,,,,,,
6685,1793.0,18780.0,11991.0,15443.0,14659.0,3162.0,5921.0,27828.0,18634.0,20763.0,783.0,1866.0,18800.0,21117.0,7518.0,18149.0,9963.0,21654.0,6775.0,5921.0,27828.0,1659.0,12997.0,9148.0,14063.0,10561.0,5921.0,8344.0,27828.0,12597.0,9810.0,1185.0,15443.0,12792.0,27493.0,11370.0,950.0,5921.0,27828.0,27142.0,8317.0,14659.0,15833.0,25386.0,14166.0,11370.0,7711.0,16737.0,10633.0,6955.0,6616.0,9963.0,10633.0,8708.0,9555.0,,,,,,
26860,1370.0,8445.0,23238.0,10137.0,,,,,,,,,,,,,,,,,,,,,,,,,,,,,,,,,,,,,,,,,,,,,,,,,,,,,,,,,
1520,12311.0,982.0,11263.0,,,,,,,,,,,,,,,,,,,,,,,,,,,,,,,,,,,,,,,,,,,,,,,,,,,,,,,,,,
19628,2874.0,19516.0,18800.0,25435.0,,,,,,,,,,,,,,,,,,,,,,,,,,,,,,,,,,,,,,,,,,,,,,,,,,,,,,,,,
19743,,,,,,,,,,,,,,,,,,,,,,,,,,,,,,,,,,,,,,,,,,,,,,,,,,,,,,,,,,,,,
12856,10157.0,28150.0,11263.0,,,,,,,,,,,,,,,,,,,,,,,,,,,,,,,,,,,,,,,,,,,,,,,,,,,,,,,,,,
18987,3698.0,17671.0,25413.0,6224.0,9555.0,,,,,,,,,,,,,,,,,,,,,,,,,,,,,,,,,,,,,,,,,,,,,,,,,,,,,,,,
1622,2783.0,3926.0,7256.0,11465.0,18020.0,8158.0,3344.0,23826.0,17782.0,,,,,,,,,,,,,,,,,,,,,,,,,,,,,,,,,,,,,,,,,,,,,,,,,,,,
3446,1481.0,18863.0,3635.0,20763.0,10903.0,2874.0,8233.0,5921.0,18800.0,783.0,1793.0,7207.0,8317.0,27511.0,26293.0,18800.0,27687.0,11371.0,19655.0,9555.0,,,,,,,,,,,,,,,,,,,,,,,,,,,,,,,,,,,,,,,,,
6685,1793.0,21117.0,14659.0,24101.0,25880.0,6201.0,24962.0,783.0,17270.0,2417.0,24289.0,9555.0,,,,,,,,,,,,,,,,,,,,,,,,,,,,,,,,,,,,,,,,,,,,,,,,,
26860,1370.0,8445.0,23238.0,10137.0,,,,,,,,,,,,,,,,,,,,,,,,,,,,,,,,,,,,,,,,,,,,,,,,,,,,,,,,,
3694,17645.0,9707.0,9963.0,23168.0,19205.0,8514.0,15046.0,14659.0,26814.0,25692.0,5028.0,18800.0,10829.0,20624.0,11125.0,12014.0,9555.0,,,,,,,,,,,,,,,,,,,,,,,,,,,,,,,,,,,,,,,,,,,,
23666,6288.0,2886.0,363.0,24014.0,27546.0,5310.0,9555.0,,,,,,,,,,,,,,,,,,,,,,,,,,,,,,,,,,,,,,,,,,,,,,,,,,,,,,
3356,20077.0,13235.0,577.0,11263.0,14310.0,783.0,1793.0,25447.0,5547.0,24962.0,10470.0,5921.0,27421.0,8158.0,3546.0,8139.0,5921.0,18800.0,24945.0,9963.0,9097.0,27521.0,5921.0,783.0,6257.0,9963.0,9097.0,20077.0,26814.0,7039.0,9561.0,21853.0,4369.0,23238.0,15636.0,17114.0,5284.0,27107.0,2874.0,27932.0,12199.0,23593.0,9555.0,,,,,,,,,,,,,,,,,,
13300,11263.0,,,,,,,,,,,,,,,,,,,,,,,,,,,,,,,,,,,,,,,,,,,,,,,,,,,,,,,,,,,,
16725,5921.0,10321.0,18634.0,14659.0,1422.0,3135.0,15443.0,14659.0,5028.0,24962.0,27238.0,5921.0,7788.0,2122.0,8623.0,22060.0,6775.0,6616.0,18893.0,20689.0,12311.0,23930.0,1908.0,15443.0,12834.0,7355.0,18513.0,24962.0,24322.0,9040.0,5921.0,18800.0,26148.0,13982.0,1705.0,24962.0,3633.0,5921.0,7276.0,13367.0,8926.0,9963.0,27238.0,11957.0,18800.0,17547.0,24962.0,16062.0,17004.0,21074.0,14604.0,18948.0,9963.0,14659.0,8708.0,5430.0,2874.0,16568.0,9555.0,,
938,3443.0,14659.0,11866.0,7964.0,27092.0,23806.0,12267.0,12311.0,6189.0,7194.0,11915.0,22690.0,9555.0,,,,,,,,,,,,,,,,,,,,,,,,,,,,,,,,,,,,,,,,,,,,,,,,
27544,,,,,,,,,,,,,,,,,,,,,,,,,,,,,,,,,,,,,,,,,,,,,,,,,,,,,,,,,,,,,
4977,,,,,,,,,,,,,,,,,,,,,,,,,,,,,,,,,,,,,,,,,,,,,,,,,,,,,,,,,,,,,
24541,7502.0,7155.0,12652.0,16790.0,2603.0,7155.0,19343.0,5921.0,783.0,1793.0,8317.0,1066.0,3927.0,12311.0,1244.0,5921.0,18893.0,1288.0,28166.0,2603.0,14786.0,9555.0,,,,,,,,,,,,,,,,,,,,,,,,,,,,,,,,,,,,,,,
843,3661.0,2185.0,9165.0,9555.0,,,,,,,,,,,,,,,,,,,,,,,,,,,,,,,,,,,,,,,,,,,,,,,,,,,,,,,,,
21326,11263.0,26278.0,21742.0,5921.0,12440.0,15501.0,16993.0,,,,,,,,,,,,,,,,,,,,,,,,,,,,,,,,,,,,,,,,,,,,,,,,,,,,,,
27615,23675.0,18732.0,24352.0,9100.0,5921.0,13418.0,,,,,,,,,,,,,,,,,,,,,,,,,,,,,,,,,,,,,,,,,,,,,,,,,,,,,,,
11185,24962.0,26223.0,10639.0,11263.0,,,,,,,,,,,,,,,,,,,,,,,,,,,,,,,,,,,,,,,,,,,,,,,,,,,,,,,,,
843,15519.0,19640.0,5921.0,4635.0,13202.0,617.0,12864.0,9555.0,,,,,,,,,,,,,,,,,,,,,,,,,,,,,,,,,,,,,,,,,,,,,,,,,,,,,
5691,7424.0,8827.0,15607.0,11223.0,11106.0,1409.0,9555.0,,,,,,,,,,,,,,,,,,,,,,,,,,,,,,,,,,,,,,,,,,,,,,,,,,,,,,
22106,,,,,,,,,,,,,,,,,,,,,,,,,,,,,,,,,,,,,,,,,,,,,,,,,,,,,,,,,,,,,
1633,27828.0,18634.0,20689.0,24317.0,2874.0,3943.0,14624.0,24962.0,21906.0,8829.0,9555.0,,,,,,,,,,,,,,,,,,,,,,,,,,,,,,,,,,,,,,,,,,,,,,,,,,
27985,17870.0,11263.0,,,,,,,,,,,,,,,,,,,,,,,,,,,,,,,,,,,,,,,,,,,,,,,,,,,,,,,,,,,
2416,24975.0,10755.0,5607.0,15525.0,23120.0,16578.0,14507.0,23120.0,3413.0,3358.0,23120.0,6958.0,,,,,,,,,,,,,,,,,,,,,,,,,,,,,,,,,,,,,,,,,,,,,,,,,
3424,,,,,,,,,,,,,,,,,,,,,,,,,,,,,,,,,,,,,,,,,,,,,,,,,,,,,,,,,,,,,
18852,17495.0,11263.0,,,,,,,,,,,,,,,,,,,,,,,,,,,,,,,,,,,,,,,,,,,,,,,,,,,,,,,,,,,
28356,18800.0,7472.0,3345.0,26441.0,18800.0,4586.0,5921.0,8464.0,7405.0,17183.0,9555.0,,,,,,,,,,,,,,,,,,,,,,,,,,,,,,,,,,,,,,,,,,,,,,,,,,
20941,23762.0,9555.0,,,,,,,,,,,,,,,,,,,,,,,,,,,,,,,,,,,,,,,,,,,,,,,,,,,,,,,,,,,
21344,4505.0,10277.0,13367.0,23747.0,3322.0,11370.0,16737.0,4462.0,11370.0,7372.0,24416.0,2900.0,17734.0,2874.0,23400.0,4462.0,27828.0,21117.0,14659.0,22138.0,2511.0,14165.0,9555.0,,,,,,,,,,,,,,,,,,,,,,,,,,,,,,,,,,,,,,
20427,8317.0,20479.0,3464.0,12311.0,15276.0,28282.0,5921.0,18893.0,10321.0,13367.0,25901.0,27454.0,783.0,24348.0,19609.0,21467.0,6107.0,3345.0,2813.0,9555.0,,,,,,,,,,,,,,,,,,,,,,,,,,,,,,,,,,,,,,,,,
5347,23690.0,5921.0,783.0,1793.0,25447.0,19998.0,23798.0,17521.0,5028.0,11263.0,,,,,,,,,,,,,,,,,,,,,,,,,,,,,,,,,,,,,,,,,,,,,,,,,,,
15027,13120.0,2783.0,24616.0,7256.0,369.0,26756.0,592.0,12755.0,27251.0,19955.0,,,,,,,,,,,,,,,,,,,,,,,,,,,,,,,,,,,,,,,,,,,,,,,,,,,
13326,24057.0,10755.0,12090.0,15451.0,2193.0,15451.0,20927.0,15451.0,5879.0,15451.0,3584.0,21835.0,15451.0,16389.0,15451.0,5992.0,26101.0,15451.0,,,,,,,,,,,,,,,,,,,,,,,,,,,,,,,,,,,,,,,,,,,
27544,,,,,,,,,,,,,,,,,,,,,,,,,,,,,,,,,,,,,,,,,,,,,,,,,,,,,,,,,,,,,
6685,1793.0,21054.0,27657.0,16004.0,1007.0,27157.0,6731.0,16994.0,8514.0,18800.0,6731.0,4726.0,9555.0,,,,,,,,,,,,,,,,,,,,,,,,,,,,,,,,,,,,,,,,,,,,,,,,
16680,17426.0,5020.0,5921.0,26208.0,,,,,,,,,,,,,,,,,,,,,,,,,,,,,,,,,,,,,,,,,,,,,,,,,,,,,,,,,
843,13367.0,10785.0,20763.0,10693.0,12311.0,1377.0,7155.0,10633.0,2874.0,17038.0,26868.0,10693.0,18800.0,27869.0,2874.0,13048.0,10327.0,12311.0,1377.0,7155.0,20299.0,9555.0,,,,,,,,,,,,,,,,,,,,,,,,,,,,,,,,,,,,,,,
4407,1633.0,28058.0,11263.0,,,,,,,,,,,,,,,,,,,,,,,,,,,,,,,,,,,,,,,,,,,,,,,,,,,,,,,,,,
5521,11263.0,10262.0,5039.0,,,,,,,,,,,,,,,,,,,,,,,,,,,,,,,,,,,,,,,,,,,,,,,,,,,,,,,,,,
21045,9963.0,14317.0,11263.0,,,,,,,,,,,,,,,,,,,,,,,,,,,,,,,,,,,,,,,,,,,,,,,,,,,,,,,,,,
7842,23120.0,2694.0,21153.0,27190.0,2874.0,8309.0,5921.0,23026.0,2694.0,21153.0,10700.0,5921.0,8829.0,5284.0,17428.0,16347.0,18800.0,17428.0,6742.0,,,,,,,,,,,,,,,,,,,,,,,,,,,,,,,,,,,,,,,,,,
8697,,,,,,,,,,,,,,,,,,,,,,,,,,,,,,,,,,,,,,,,,,,,,,,,,,,,,,,,,,,,,
15652,7502.0,10441.0,11263.0,,,,,,,,,,,,,,,,,,,,,,,,,,,,,,,,,,,,,,,,,,,,,,,,,,,,,,,,,,
6685,20163.0,3195.0,19416.0,22682.0,13367.0,4010.0,2874.0,350.0,19929.0,19007.0,18800.0,15282.0,15443.0,10829.0,18605.0,9555.0,,,,,,,,,,,,,,,,,,,,,,,,,,,,,,,,,,,,,,,,,,,,,
25944,11263.0,,,,,,,,,,,,,,,,,,,,,,,,,,,,,,,,,,,,,,,,,,,,,,,,,,,,,,,,,,,,
11925,17917.0,21153.0,20059.0,5284.0,1206.0,9555.0,,,,,,,,,,,,,,,,,,,,,,,,,,,,,,,,,,,,,,,,,,,,,,,,,,,,,,,
25341,21535.0,14906.0,12311.0,11263.0,,,,,,,,,,,,,,,,,,,,,,,,,,,,,,,,,,,,,,,,,,,,,,,,,,,,,,,,,
843,21117.0,14659.0,9321.0,10827.0,5028.0,18800.0,24359.0,27172.0,18322.0,364.0,9555.0,,,,,,,,,,,,,,,,,,,,,,,,,,,,,,,,,,,,,,,,,,,,,,,,,,
14857,17782.0,5921.0,13418.0,,,,,,,,,,,,,,,,,,,,,,,,,,,,,,,,,,,,,,,,,,,,,,,,,,,,,,,,,,
10288,10321.0,9824.0,5921.0,783.0,25692.0,18800.0,12152.0,22805.0,16600.0,350.0,3900.0,9963.0,25120.0,3839.0,2129.0,2874.0,19385.0,783.0,20254.0,9555.0,,,,,,,,,,,,,,,,,,,,,,,,,,,,,,,,,,,,,,,,,
2428,,,,,,,,,,,,,,,,,,,,,,,,,,,,,,,,,,,,,,,,,,,,,,,,,,,,,,,,,,,,,
7508,7209.0,,,,,,,,,,,,,,,,,,,,,,,,,,,,,,,,,,,,,,,,,,,,,,,,,,,,,,,,,,,,
3611,15785.0,28084.0,,,,,,,,,,,,,,,,,,,,,,,,,,,,,,,,,,,,,,,,,,,,,,,,,,,,,,,,,,,
15198,25350.0,11263.0,,,,,,,,,,,,,,,,,,,,,,,,,,,,,,,,,,,,,,,,,,,,,,,,,,,,,,,,,,,
7386,11263.0,,,,,,,,,,,,,,,,,,,,,,,,,,,,,,,,,,,,,,,,,,,,,,,,,,,,,,,,,,,,
17774,25860.0,5921.0,26019.0,26647.0,5921.0,2523.0,22143.0,5921.0,26631.0,22513.0,5921.0,7372.0,6103.0,5921.0,22182.0,13129.0,5921.0,3548.0,18411.0,25534.0,13474.0,16388.0,5921.0,23024.0,15103.0,5921.0,16504.0,13474.0,25285.0,9555.0,,,,,,,,,,,,,,,,,,,,,,,,,,,,,,,
14925,1565.0,11263.0,,,,,,,,,,,,,,,,,,,,,,,,,,,,,,,,,,,,,,,,,,,,,,,,,,,,,,,,,,,
19399,,,,,,,,,,,,,,,,,,,,,,,,,,,,,,,,,,,,,,,,,,,,,,,,,,,,,,,,,,,,,
13960,10198.0,10373.0,24962.0,783.0,4881.0,18800.0,18174.0,18800.0,183.0,10854.0,9555.0,,,,,,,,,,,,,,,,,,,,,,,,,,,,,,,,,,,,,,,,,,,,,,,,,,
26880,13367.0,26496.0,3571.0,20852.0,18022.0,18800.0,22644.0,24962.0,7710.0,18800.0,18006.0,3345.0,898.0,12006.0,10633.0,18800.0,25146.0,22768.0,21174.0,9555.0,,,,,,,,,,,,,,,,,,,,,,,,,,,,,,,,,,,,,,,,,
12487,9963.0,10729.0,10449.0,14813.0,20320.0,9555.0,,,,,,,,,,,,,,,,,,,,,,,,,,,,,,,,,,,,,,,,,,,,,,,,,,,,,,,
27102,24892.0,20624.0,20163.0,18800.0,2417.0,12074.0,8372.0,13134.0,9555.0,,,,,,,,,,,,,,,,,,,,,,,,,,,,,,,,,,,,,,,,,,,,,,,,,,,,
21397,26634.0,12298.0,4496.0,19499.0,11263.0,,,,,,,,,,,,,,,,,,,,,,,,,,,,,,,,,,,,,,,,,,,,,,,,,,,,,,,,
13943,11263.0,,,,,,,,,,,,,,,,,,,,,,,,,,,,,,,,,,,,,,,,,,,,,,,,,,,,,,,,,,,,
19076,11263.0,,,,,,,,,,,,,,,,,,,,,,,,,,,,,,,,,,,,,,,,,,,,,,,,,,,,,,,,,,,,
26278,5421.0,,,,,,,,,,,,,,,,,,,,,,,,,,,,,,,,,,,,,,,,,,,,,,,,,,,,,,,,,,,,
6685,1793.0,9480.0,20118.0,17672.0,14957.0,3322.0,2603.0,16737.0,9555.0,,,,,,,,,,,,,,,,,,,,,,,,,,,,,,,,,,,,,,,,,,,,,,,,,,,,
856,19756.0,18598.0,24719.0,11263.0,,,,,,,,,,,,,,,,,,,,,,,,,,,,,,,,,,,,,,,,,,,,,,,,,,,,,,,,,
7304,4370.0,7330.0,7557.0,11496.0,7853.0,5921.0,26452.0,10773.0,9881.0,11263.0,27930.0,2783.0,2694.0,7256.0,7853.0,5921.0,26452.0,10773.0,8158.0,7479.0,2783.0,19813.0,22151.0,18992.0,7980.0,,,,,,,,,,,,,,,,,,,,,,,,,,,,,,,,,,,,
20427,18634.0,7207.0,7769.0,12311.0,17773.0,996.0,2886.0,363.0,24014.0,18800.0,16651.0,363.0,26177.0,9555.0,,,,,,,,,,,,,,,,,,,,,,,,,,,,,,,,,,,,,,,,,,,,,,,
25303,9555.0,,,,,,,,,,,,,,,,,,,,,,,,,,,,,,,,,,,,,,,,,,,,,,,,,,,,,,,,,,,,
26841,17854.0,11263.0,,,,,,,,,,,,,,,,,,,,,,,,,,,,,,,,,,,,,,,,,,,,,,,,,,,,,,,,,,,
6685,16047.0,18634.0,17533.0,9555.0,,,,,,,,,,,,,,,,,,,,,,,,,,,,,,,,,,,,,,,,,,,,,,,,,,,,,,,,,
25933,26773.0,8481.0,20999.0,5921.0,73.0,5921.0,2814.0,5921.0,13202.0,4302.0,12152.0,18948.0,8667.0,2525.0,26773.0,11378.0,21590.0,15110.0,14925.0,13202.0,3175.0,2874.0,783.0,1123.0,9555.0,,,,,,,,,,,,,,,,,,,,,,,,,,,,,,,,,,,,
20641,18727.0,24595.0,12311.0,19989.0,,,,,,,,,,,,,,,,,,,,,,,,,,,,,,,,,,,,,,,,,,,,,,,,,,,,,,,,,
5159,7619.0,10350.0,1370.0,11263.0,,,,,,,,,,,,,,,,,,,,,,,,,,,,,,,,,,,,,,,,,,,,,,,,,,,,,,,,,
14872,11263.0,13185.0,23120.0,11124.0,,,,,,,,,,,,,,,,,,,,,,,,,,,,,,,,,,,,,,,,,,,,,,,,,,,,,,,,,
3356,21224.0,,,,,,,,,,,,,,,,,,,,,,,,,,,,,,,,,,,,,,,,,,,,,,,,,,,,,,,,,,,,
19318,15158.0,1909.0,25790.0,23120.0,780.0,17917.0,23120.0,20809.0,15451.0,11595.0,23120.0,14964.0,15451.0,2610.0,23120.0,1236.0,15451.0,14894.0,23120.0,8233.0,15159.0,23120.0,15592.0,3851.0,23120.0,16074.0,15451.0,13844.0,23120.0,11981.0,,,,,,,,,,,,,,,,,,,,,,,,,,,,,,,
6685,1793.0,18634.0,12311.0,9820.0,9555.0,,,,,,,,,,,,,,,,,,,,,,,,,,,,,,,,,,,,,,,,,,,,,,,,,,,,,,,,
24724,5921.0,14714.0,18064.0,,,,,,,,,,,,,,,,,,,,,,,,,,,,,,,,,,,,,,,,,,,,,,,,,,,,,,,,,,
21478,13367.0,14659.0,5992.0,8316.0,3336.0,26859.0,5284.0,783.0,20163.0,16062.0,1290.0,24962.0,783.0,14679.0,9555.0,,,,,,,,,,,,,,,,,,,,,,,,,,,,,,,,,,,,,,,,,,,,,,
9023,5921.0,25361.0,4887.0,5618.0,,,,,,,,,,,,,,,,,,,,,,,,,,,,,,,,,,,,,,,,,,,,,,,,,,,,,,,,,
6685,7214.0,1020.0,11263.0,,,,,,,,,,,,,,,,,,,,,,,,,,,,,,,,,,,,,,,,,,,,,,,,,,,,,,,,,,
3084,783.0,624.0,18992.0,24962.0,5284.0,24254.0,25607.0,5921.0,27828.0,649.0,20689.0,3443.0,4302.0,10407.0,17285.0,20059.0,18800.0,13367.0,24317.0,2874.0,20131.0,8464.0,18527.0,5430.0,2874.0,1248.0,9555.0,,,,,,,,,,,,,,,,,,,,,,,,,,,,,,,,,,
23463,27107.0,5921.0,1793.0,18634.0,2874.0,3443.0,9097.0,27184.0,16044.0,15443.0,1803.0,9555.0,,,,,,,,,,,,,,,,,,,,,,,,,,,,,,,,,,,,,,,,,,,,,,,,,
7354,11263.0,,,,,,,,,,,,,,,,,,,,,,,,,,,,,,,,,,,,,,,,,,,,,,,,,,,,,,,,,,,,
16020,23120.0,21911.0,24350.0,9555.0,,,,,,,,,,,,,,,,,,,,,,,,,,,,,,,,,,,,,,,,,,,,,,,,,,,,,,,,,
9818,,,,,,,,,,,,,,,,,,,,,,,,,,,,,,,,,,,,,,,,,,,,,,,,,,,,,,,,,,,,,
27985,24733.0,11263.0,,,,,,,,,,,,,,,,,,,,,,,,,,,,,,,,,,,,,,,,,,,,,,,,,,,,,,,,,,,
4172,23178.0,15443.0,26814.0,19554.0,11115.0,9555.0,,,,,,,,,,,,,,,,,,,,,,,,,,,,,,,,,,,,,,,,,,,,,,,,,,,,,,,
2203,20163.0,16062.0,1290.0,16423.0,25290.0,22785.0,5921.0,8464.0,24834.0,24962.0,8053.0,20514.0,27458.0,15750.0,13202.0,3120.0,26420.0,9555.0,,,,,,,,,,,,,,,,,,,,,,,,,,,,,,,,,,,,,,,,,,,
6685,10502.0,10512.0,5525.0,14659.0,25566.0,1481.0,13468.0,5284.0,26813.0,26006.0,9555.0,,,,,,,,,,,,,,,,,,,,,,,,,,,,,,,,,,,,,,,,,,,,,,,,,,
27985,14357.0,11263.0,,,,,,,,,,,,,,,,,,,,,,,,,,,,,,,,,,,,,,,,,,,,,,,,,,,,,,,,,,,
12833,10350.0,1381.0,1909.0,,,,,,,,,,,,,,,,,,,,,,,,,,,,,,,,,,,,,,,,,,,,,,,,,,,,,,,,,,
27102,7343.0,26525.0,2886.0,11225.0,,,,,,,,,,,,,,,,,,,,,,,,,,,,,,,,,,,,,,,,,,,,,,,,,,,,,,,,,
18883,11263.0,,,,,,,,,,,,,,,,,,,,,,,,,,,,,,,,,,,,,,,,,,,,,,,,,,,,,,,,,,,,
26278,10464.0,5921.0,11674.0,5921.0,16008.0,9555.0,,,,,,,,,,,,,,,,,,,,,,,,,,,,,,,,,,,,,,,,,,,,,,,,,,,,,,,
3694,7683.0,13367.0,24462.0,5284.0,783.0,411.0,5921.0,18800.0,11327.0,8317.0,6731.0,14347.0,9555.0,,,,,,,,,,,,,,,,,,,,,,,,,,,,,,,,,,,,,,,,,,,,,,,,
6685,1793.0,13367.0,17378.0,10762.0,2874.0,22017.0,7502.0,9963.0,14813.0,19422.0,9555.0,,,,,,,,,,,,,,,,,,,,,,,,,,,,,,,,,,,,,,,,,,,,,,,,,,
23670,9555.0,,,,,,,,,,,,,,,,,,,,,,,,,,,,,,,,,,,,,,,,,,,,,,,,,,,,,,,,,,,,
20554,,,,,,,,,,,,,,,,,,,,,,,,,,,,,,,,,,,,,,,,,,,,,,,,,,,,,,,,,,,,,
18330,17028.0,20233.0,11734.0,7424.0,662.0,5284.0,783.0,16609.0,23953.0,20435.0,9555.0,,,,,,,,,,,,,,,,,,,,,,,,,,,,,,,,,,,,,,,,,,,,,,,,,,
27985,738.0,11263.0,,,,,,,,,,,,,,,,,,,,,,,,,,,,,,,,,,,,,,,,,,,,,,,,,,,,,,,,,,,
11173,4724.0,18728.0,14291.0,9555.0,,,,,,,,,,,,,,,,,,,,,,,,,,,,,,,,,,,,,,,,,,,,,,,,,,,,,,,,,
9986,13367.0,13532.0,9555.0,,,,,,,,,,,,,,,,,,,,,,,,,,,,,,,,,,,,,,,,,,,,,,,,,,,,,,,,,,
7009,1276.0,17774.0,19497.0,2886.0,7853.0,9881.0,11263.0,27418.0,2783.0,5992.0,7256.0,7853.0,8158.0,8658.0,2783.0,2694.0,22174.0,14659.0,7155.0,7256.0,740.0,26786.0,9963.0,17376.0,9555.0,,,,,,,,,,,,,,,,,,,,,,,,,,,,,,,,,,,,
16936,2171.0,5921.0,127.0,9814.0,5921.0,6605.0,162.0,9555.0,,,,,,,,,,,,,,,,,,,,,,,,,,,,,,,,,,,,,,,,,,,,,,,,,,,,,
27102,9052.0,15443.0,19380.0,2796.0,5921.0,11370.0,15967.0,5921.0,12311.0,26996.0,5921.0,3784.0,9555.0,,,,,,,,,,,,,,,,,,,,,,,,,,,,,,,,,,,,,,,,,,,,,,,,
26278,23275.0,3038.0,8318.0,9555.0,,,,,,,,,,,,,,,,,,,,,,,,,,,,,,,,,,,,,,,,,,,,,,,,,,,,,,,,,
2387,16096.0,25736.0,,,,,,,,,,,,,,,,,,,,,,,,,,,,,,,,,,,,,,,,,,,,,,,,,,,,,,,,,,,
22522,,,,,,,,,,,,,,,,,,,,,,,,,,,,,,,,,,,,,,,,,,,,,,,,,,,,,,,,,,,,,
27985,17870.0,11263.0,,,,,,,,,,,,,,,,,,,,,,,,,,,,,,,,,,,,,,,,,,,,,,,,,,,,,,,,,,,
18362,13367.0,7207.0,7576.0,18800.0,14659.0,4531.0,16004.0,27157.0,9419.0,17301.0,15040.0,18893.0,6731.0,14816.0,1657.0,9963.0,14659.0,13575.0,5284.0,22447.0,7788.0,9555.0,,,,,,,,,,,,,,,,,,,,,,,,,,,,,,,,,,,,,,,
15173,5795.0,26117.0,16100.0,783.0,1793.0,8317.0,22793.0,9991.0,8829.0,15443.0,16980.0,24962.0,23761.0,18800.0,16008.0,9555.0,,,,,,,,,,,,,,,,,,,,,,,,,,,,,,,,,,,,,,,,,,,,,
23675,2452.0,26496.0,11263.0,25341.0,7848.0,2911.0,12311.0,11263.0,4237.0,26314.0,20404.0,1909.0,,,,,,,,,,,,,,,,,,,,,,,,,,,,,,,,,,,,,,,,,,,,,,,,,
26278,1979.0,4549.0,9555.0,,,,,,,,,,,,,,,,,,,,,,,,,,,,,,,,,,,,,,,,,,,,,,,,,,,,,,,,,,
3503,11263.0,,,,,,,,,,,,,,,,,,,,,,,,,,,,,,,,,,,,,,,,,,,,,,,,,,,,,,,,,,,,
4922,13876.0,3150.0,9555.0,,,,,,,,,,,,,,,,,,,,,,,,,,,,,,,,,,,,,,,,,,,,,,,,,,,,,,,,,,
13676,13367.0,20689.0,23288.0,2874.0,17455.0,21568.0,12311.0,24614.0,278.0,13202.0,10911.0,9555.0,,,,,,,,,,,,,,,,,,,,,,,,,,,,,,,,,,,,,,,,,,,,,,,,,
27656,13367.0,2874.0,22279.0,5921.0,8817.0,2874.0,22279.0,5921.0,2417.0,3094.0,16476.0,9555.0,,,,,,,,,,,,,,,,,,,,,,,,,,,,,,,,,,,,,,,,,,,,,,,,,
20558,26525.0,2886.0,25694.0,,,,,,,,,,,,,,,,,,,,,,,,,,,,,,,,,,,,,,,,,,,,,,,,,,,,,,,,,,
6323,11263.0,3694.0,17033.0,16004.0,1007.0,27157.0,25213.0,28324.0,27620.0,5921.0,25882.0,11274.0,18800.0,28359.0,17627.0,3728.0,6107.0,9555.0,,,,,,,,,,,,,,,,,,,,,,,,,,,,,,,,,,,,,,,,,,,
14925,1565.0,11263.0,,,,,,,,,,,,,,,,,,,,,,,,,,,,,,,,,,,,,,,,,,,,,,,,,,,,,,,,,,,
17639,11865.0,2886.0,5777.0,17660.0,9555.0,,,,,,,,,,,,,,,,,,,,,,,,,,,,,,,,,,,,,,,,,,,,,,,,,,,,,,,,
10317,16037.0,12837.0,,,,,,,,,,,,,,,,,,,,,,,,,,,,,,,,,,,,,,,,,,,,,,,,,,,,,,,,,,,
13326,18171.0,10755.0,20596.0,2438.0,15451.0,16252.0,22194.0,15451.0,5992.0,15256.0,15451.0,7269.0,,,,,,,,,,,,,,,,,,,,,,,,,,,,,,,,,,,,,,,,,,,,,,,,,
11185,24962.0,26223.0,10639.0,11263.0,,,,,,,,,,,,,,,,,,,,,,,,,,,,,,,,,,,,,,,,,,,,,,,,,,,,,,,,,
783,25652.0,709.0,28230.0,24962.0,783.0,2417.0,16756.0,3345.0,25931.0,5921.0,26034.0,13367.0,14659.0,1066.0,21125.0,12311.0,783.0,2417.0,27260.0,2874.0,27858.0,23238.0,4606.0,18800.0,2614.0,23238.0,22003.0,9555.0,,,,,,,,,,,,,,,,,,,,,,,,,,,,,,,,,
26338,,,,,,,,,,,,,,,,,,,,,,,,,,,,,,,,,,,,,,,,,,,,,,,,,,,,,,,,,,,,,
20730,,,,,,,,,,,,,,,,,,,,,,,,,,,,,,,,,,,,,,,,,,,,,,,,,,,,,,,,,,,,,
10157,28150.0,11263.0,,,,,,,,,,,,,,,,,,,,,,,,,,,,,,,,,,,,,,,,,,,,,,,,,,,,,,,,,,,
17534,10350.0,3275.0,10755.0,,,,,,,,,,,,,,,,,,,,,,,,,,,,,,,,,,,,,,,,,,,,,,,,,,,,,,,,,,
11342,21513.0,4387.0,24614.0,15122.0,3345.0,21394.0,9555.0,,,,,,,,,,,,,,,,,,,,,,,,,,,,,,,,,,,,,,,,,,,,,,,,,,,,,,
7009,23786.0,23238.0,3665.0,14774.0,12311.0,25809.0,27204.0,9555.0,,,,,,,,,,,,,,,,,,,,,,,,,,,,,,,,,,,,,,,,,,,,,,,,,,,,,
10626,11263.0,,,,,,,,,,,,,,,,,,,,,,,,,,,,,,,,,,,,,,,,,,,,,,,,,,,,,,,,,,,,
10593,,,,,,,,,,,,,,,,,,,,,,,,,,,,,,,,,,,,,,,,,,,,,,,,,,,,,,,,,,,,,
23967,11263.0,,,,,,,,,,,,,,,,,,,,,,,,,,,,,,,,,,,,,,,,,,,,,,,,,,,,,,,,,,,,
23889,11263.0,6685.0,16687.0,25429.0,24941.0,24166.0,5284.0,783.0,20163.0,1047.0,23057.0,781.0,17672.0,14647.0,9555.0,,,,,,,,,,,,,,,,,,,,,,,,,,,,,,,,,,,,,,,,,,,,,,
22102,,,,,,,,,,,,,,,,,,,,,,,,,,,,,,,,,,,,,,,,,,,,,,,,,,,,,,,,,,,,,
15198,25350.0,26247.0,8778.0,11263.0,,,,,,,,,,,,,,,,,,,,,,,,,,,,,,,,,,,,,,,,,,,,,,,,,,,,,,,,,
19647,22706.0,,,,,,,,,,,,,,,,,,,,,,,,,,,,,,,,,,,,,,,,,,,,,,,,,,,,,,,,,,,,
2129,2874.0,19385.0,783.0,20254.0,9555.0,,,,,,,,,,,,,,,,,,,,,,,,,,,,,,,,,,,,,,,,,,,,,,,,,,,,,,,,
26897,11263.0,,,,,,,,,,,,,,,,,,,,,,,,,,,,,,,,,,,,,,,,,,,,,,,,,,,,,,,,,,,,
23670,,,,,,,,,,,,,,,,,,,,,,,,,,,,,,,,,,,,,,,,,,,,,,,,,,,,,,,,,,,,,
21478,13367.0,2574.0,26639.0,7201.0,10373.0,5921.0,1066.0,4297.0,11274.0,5921.0,12440.0,2494.0,5921.0,18800.0,1066.0,26639.0,7866.0,9555.0,,,,,,,,,,,,,,,,,,,,,,,,,,,,,,,,,,,,,,,,,,,
17774,12252.0,4462.0,26019.0,15128.0,4462.0,26631.0,18159.0,4462.0,7372.0,14737.0,4462.0,24842.0,27022.0,4462.0,15446.0,21402.0,4462.0,2237.0,26525.0,4462.0,6700.0,11051.0,2876.0,4462.0,26231.0,24483.0,5720.0,4462.0,11264.0,24483.0,22875.0,4462.0,26231.0,11125.0,4894.0,4462.0,17640.0,23444.0,4462.0,28379.0,5399.0,4462.0,17205.0,327.0,4462.0,17915.0,4018.0,24165.0,4462.0,3548.0,25534.0,13474.0,25491.0,4462.0,23024.0,1289.0,4462.0,16504.0,13474.0,11010.0,9555.0
6685,1793.0,21054.0,27510.0,1020.0,13367.0,17723.0,9963.0,11847.0,24962.0,783.0,20163.0,27068.0,15443.0,14659.0,25877.0,17114.0,15443.0,14659.0,11042.0,12081.0,25773.0,9555.0,,,,,,,,,,,,,,,,,,,,,,,,,,,,,,,,,,,,,,,
20427,18634.0,23002.0,2874.0,21590.0,15443.0,4302.0,28302.0,5921.0,14347.0,5921.0,27562.0,2418.0,13202.0,27128.0,13202.0,4302.0,19554.0,18800.0,4887.0,12475.0,9555.0,,,,,,,,,,,,,,,,,,,,,,,,,,,,,,,,,,,,,,,,
14601,,,,,,,,,,,,,,,,,,,,,,,,,,,,,,,,,,,,,,,,,,,,,,,,,,,,,,,,,,,,,
24729,,,,,,,,,,,,,,,,,,,,,,,,,,,,,,,,,,,,,,,,,,,,,,,,,,,,,,,,,,,,,
12119,9290.0,649.0,20689.0,10190.0,8667.0,26034.0,13367.0,10829.0,26079.0,9963.0,886.0,24734.0,9555.0,,,,,,,,,,,,,,,,,,,,,,,,,,,,,,,,,,,,,,,,,,,,,,,,
6685,21950.0,18753.0,27157.0,24879.0,21032.0,18893.0,6731.0,14816.0,14813.0,13202.0,12579.0,8514.0,9555.0,,,,,,,,,,,,,,,,,,,,,,,,,,,,,,,,,,,,,,,,,,,,,,,,
25269,16687.0,5918.0,5921.0,783.0,1793.0,25447.0,7372.0,12006.0,783.0,19734.0,24962.0,16568.0,13367.0,17828.0,2874.0,11657.0,20763.0,13579.0,12006.0,783.0,19734.0,24962.0,11370.0,1248.0,162.0,21355.0,5430.0,9555.0,,,,,,,,,,,,,,,,,,,,,,,,,,,,,,,,,
27084,11900.0,9963.0,17547.0,8025.0,24962.0,14604.0,2783.0,3635.0,16189.0,5921.0,8829.0,5921.0,3600.0,7256.0,13202.0,9963.0,4302.0,17285.0,18633.0,2783.0,4327.0,13202.0,13000.0,15920.0,5921.0,23330.0,5921.0,27288.0,13316.0,5921.0,937.0,7256.0,9555.0,,,,,,,,,,,,,,,,,,,,,,,,,,,,
6685,1793.0,27869.0,13367.0,898.0,14541.0,12636.0,18893.0,18583.0,27828.0,26786.0,2874.0,350.0,22536.0,25184.0,3150.0,9555.0,,,,,,,,,,,,,,,,,,,,,,,,,,,,,,,,,,,,,,,,,,,,,
18334,23423.0,18634.0,14659.0,28269.0,6955.0,9419.0,503.0,15443.0,14659.0,9321.0,5028.0,24962.0,879.0,16399.0,2108.0,2874.0,18322.0,5292.0,6540.0,6775.0,6616.0,5921.0,7276.0,18634.0,10762.0,9424.0,20763.0,6362.0,7502.0,24962.0,783.0,15444.0,12395.0,11543.0,7502.0,9963.0,10829.0,9495.0,18800.0,24977.0,9963.0,14659.0,2658.0,7559.0,12006.0,783.0,4531.0,24962.0,11370.0,17413.0,12311.0,16004.0,1007.0,6768.0,12006.0,783.0,13666.0,2603.0,9555.0,,
2203,25692.0,9294.0,13367.0,3139.0,12311.0,2603.0,7155.0,7669.0,9353.0,15046.0,783.0,27284.0,25447.0,11942.0,25692.0,900.0,5921.0,9097.0,13395.0,5921.0,19380.0,16197.0,5921.0,9097.0,14925.0,5921.0,19380.0,27597.0,18800.0,783.0,12487.0,9938.0,9555.0,,,,,,,,,,,,,,,,,,,,,,,,,,,,
28274,25044.0,24027.0,7424.0,8553.0,17533.0,5921.0,10225.0,14002.0,5284.0,22952.0,25016.0,5921.0,22946.0,18634.0,17533.0,5284.0,22952.0,25016.0,9555.0,,,,,,,,,,,,,,,,,,,,,,,,,,,,,,,,,,,,,,,,,,
3212,1625.0,24107.0,10449.0,5284.0,783.0,12487.0,5921.0,27454.0,12092.0,1268.0,9555.0,,,,,,,,,,,,,,,,,,,,,,,,,,,,,,,,,,,,,,,,,,,,,,,,,,
24541,16568.0,5921.0,11491.0,14659.0,22101.0,8796.0,1620.0,20254.0,5921.0,15443.0,5765.0,7687.0,11444.0,18800.0,20512.0,27172.0,27115.0,5921.0,12440.0,830.0,5921.0,8228.0,19542.0,11115.0,5921.0,6731.0,8465.0,9555.0,,,,,,,,,,,,,,,,,,,,,,,,,,,,,,,,,
27985,1520.0,11263.0,,,,,,,,,,,,,,,,,,,,,,,,,,,,,,,,,,,,,,,,,,,,,,,,,,,,,,,,,,,
6685,16808.0,3345.0,12081.0,5921.0,2845.0,18800.0,17533.0,5921.0,18800.0,25129.0,9555.0,,,,,,,,,,,,,,,,,,,,,,,,,,,,,,,,,,,,,,,,,,,,,,,,,,
27102,15047.0,4520.0,28096.0,22316.0,9555.0,,,,,,,,,,,,,,,,,,,,,,,,,,,,,,,,,,,,,,,,,,,,,,,,,,,,,,,,
23675,2452.0,26496.0,11263.0,25341.0,4534.0,10001.0,17198.0,12311.0,11263.0,5959.0,25683.0,732.0,1909.0,,,,,,,,,,,,,,,,,,,,,,,,,,,,,,,,,,,,,,,,,,,,,,,,
6685,15822.0,11371.0,13367.0,2003.0,12781.0,9555.0,,,,,,,,,,,,,,,,,,,,,,,,,,,,,,,,,,,,,,,,,,,,,,,,,,,,,,,
24733,24962.0,4391.0,11263.0,,,,,,,,,,,,,,,,,,,,,,,,,,,,,,,,,,,,,,,,,,,,,,,,,,,,,,,,,,
8450,11491.0,21986.0,5327.0,3702.0,20689.0,23577.0,9555.0,,,,,,,,,,,,,,,,,,,,,,,,,,,,,,,,,,,,,,,,,,,,,,,,,,,,,,
20016,,,,,,,,,,,,,,,,,,,,,,,,,,,,,,,,,,,,,,,,,,,,,,,,,,,,,,,,,,,,,
17238,11263.0,8570.0,6727.0,,,,,,,,,,,,,,,,,,,,,,,,,,,,,,,,,,,,,,,,,,,,,,,,,,,,,,,,,,
22644,3345.0,10953.0,18800.0,18006.0,9555.0,,,,,,,,,,,,,,,,,,,,,,,,,,,,,,,,,,,,,,,,,,,,,,,,,,,,,,,,
26585,,,,,,,,,,,,,,,,,,,,,,,,,,,,,,,,,,,,,,,,,,,,,,,,,,,,,,,,,,,,,
27181,8397.0,11263.0,,,,,,,,,,,,,,,,,,,,,,,,,,,,,,,,,,,,,,,,,,,,,,,,,,,,,,,,,,,
18852,17495.0,11263.0,,,,,,,,,,,,,,,,,,,,,,,,,,,,,,,,,,,,,,,,,,,,,,,,,,,,,,,,,,,
15610,13933.0,11263.0,,,,,,,,,,,,,,,,,,,,,,,,,,,,,,,,,,,,,,,,,,,,,,,,,,,,,,,,,,,
27102,7771.0,15443.0,10829.0,2949.0,20812.0,24962.0,18943.0,24876.0,,,,,,,,,,,,,,,,,,,,,,,,,,,,,,,,,,,,,,,,,,,,,,,,,,,,,
22517,13147.0,5921.0,26814.0,19554.0,11115.0,5921.0,2116.0,5921.0,8799.0,5921.0,6731.0,28348.0,13202.0,24214.0,9555.0,,,,,,,,,,,,,,,,,,,,,,,,,,,,,,,,,,,,,,,,,,,,,,
7897,,,,,,,,,,,,,,,,,,,,,,,,,,,,,,,,,,,,,,,,,,,,,,,,,,,,,,,,,,,,,
26586,11263.0,,,,,,,,,,,,,,,,,,,,,,,,,,,,,,,,,,,,,,,,,,,,,,,,,,,,,,,,,,,,
21478,21117.0,20479.0,7732.0,27870.0,5284.0,2417.0,4520.0,22316.0,9555.0,,,,,,,,,,,,,,,,,,,,,,,,,,,,,,,,,,,,,,,,,,,,,,,,,,,,
27487,11478.0,,,,,,,,,,,,,,,,,,,,,,,,,,,,,,,,,,,,,,,,,,,,,,,,,,,,,,,,,,,,
20427,13367.0,1081.0,14327.0,9963.0,15223.0,15789.0,18800.0,5284.0,9454.0,2874.0,6534.0,12389.0,9555.0,,,,,,,,,,,,,,,,,,,,,,,,,,,,,,,,,,,,,,,,,,,,,,,,
20427,13367.0,898.0,19383.0,9963.0,12300.0,20536.0,18115.0,19284.0,5921.0,24159.0,10321.0,13367.0,17080.0,1650.0,20536.0,21088.0,9958.0,23016.0,20603.0,3089.0,15833.0,12311.0,8129.0,9555.0,,,,,,,,,,,,,,,,,,,,,,,,,,,,,,,,,,,,,
10788,26169.0,2886.0,11446.0,2170.0,26525.0,2886.0,11446.0,,,,,,,,,,,,,,,,,,,,,,,,,,,,,,,,,,,,,,,,,,,,,,,,,,,,,,
7009,11185.0,24962.0,25890.0,11125.0,9555.0,,,,,,,,,,,,,,,,,,,,,,,,,,,,,,,,,,,,,,,,,,,,,,,,,,,,,,,,
15214,,,,,,,,,,,,,,,,,,,,,,,,,,,,,,,,,,,,,,,,,,,,,,,,,,,,,,,,,,,,,
14115,23734.0,4803.0,11263.0,,,,,,,,,,,,,,,,,,,,,,,,,,,,,,,,,,,,,,,,,,,,,,,,,,,,,,,,,,
12630,,,,,,,,,,,,,,,,,,,,,,,,,,,,,,,,,,,,,,,,,,,,,,,,,,,,,,,,,,,,,
16004,10283.0,14194.0,14048.0,24323.0,21513.0,17617.0,11263.0,21478.0,7424.0,17960.0,21020.0,8605.0,5921.0,20163.0,20620.0,783.0,2417.0,4462.0,26034.0,18634.0,28096.0,22316.0,12006.0,783.0,2417.0,14444.0,25773.0,9555.0,,,,,,,,,,,,,,,,,,,,,,,,,,,,,,,,,
3710,24719.0,11263.0,,,,,,,,,,,,,,,,,,,,,,,,,,,,,,,,,,,,,,,,,,,,,,,,,,,,,,,,,,,
23713,17854.0,11263.0,,,,,,,,,,,,,,,,,,,,,,,,,,,,,,,,,,,,,,,,,,,,,,,,,,,,,,,,,,,
19045,11263.0,,,,,,,,,,,,,,,,,,,,,,,,,,,,,,,,,,,,,,,,,,,,,,,,,,,,,,,,,,,,
3059,19521.0,8596.0,11263.0,,,,,,,,,,,,,,,,,,,,,,,,,,,,,,,,,,,,,,,,,,,,,,,,,,,,,,,,,,
6685,1793.0,16549.0,12311.0,9026.0,27157.0,5765.0,16408.0,18411.0,5921.0,15575.0,26169.0,5921.0,16160.0,2901.0,5921.0,3548.0,18411.0,14104.0,662.0,5921.0,20.0,9028.0,18411.0,25534.0,5921.0,12036.0,3548.0,18411.0,14104.0,5921.0,10091.0,28321.0,5921.0,18800.0,5765.0,4887.0,2933.0,14104.0,9555.0,,,,,,,,,,,,,,,,,,,,,,
27339,5481.0,14659.0,11932.0,7122.0,2874.0,23594.0,9555.0,,,,,,,,,,,,,,,,,,,,,,,,,,,,,,,,,,,,,,,,,,,,,,,,,,,,,,
21817,11200.0,18935.0,26395.0,16370.0,5284.0,783.0,14259.0,2874.0,25710.0,9963.0,18650.0,5310.0,20164.0,13202.0,19204.0,9555.0,,,,,,,,,,,,,,,,,,,,,,,,,,,,,,,,,,,,,,,,,,,,,
2539,25074.0,9555.0,,,,,,,,,,,,,,,,,,,,,,,,,,,,,,,,,,,,,,,,,,,,,,,,,,,,,,,,,,,
10593,,,,,,,,,,,,,,,,,,,,,,,,,,,,,,,,,,,,,,,,,,,,,,,,,,,,,,,,,,,,,
7009,9436.0,26719.0,16386.0,2886.0,7853.0,5921.0,26452.0,10773.0,9881.0,11263.0,27418.0,2783.0,5992.0,7256.0,7853.0,5921.0,26452.0,10773.0,8158.0,336.0,2783.0,21983.0,7980.0,,,,,,,,,,,,,,,,,,,,,,,,,,,,,,,,,,,,,,
843,13367.0,2874.0,6852.0,17828.0,15443.0,19380.0,15206.0,12006.0,12142.0,7502.0,12311.0,3375.0,12006.0,2791.0,2336.0,5921.0,740.0,2118.0,740.0,19380.0,8978.0,23637.0,12006.0,783.0,16341.0,789.0,7964.0,12579.0,19309.0,740.0,17558.0,9555.0,,,,,,,,,,,,,,,,,,,,,,,,,,,,,
21886,,,,,,,,,,,,,,,,,,,,,,,,,,,,,,,,,,,,,,,,,,,,,,,,,,,,,,,,,,,,,
23675,,,,,,,,,,,,,,,,,,,,,,,,,,,,,,,,,,,,,,,,,,,,,,,,,,,,,,,,,,,,,
23675,2452.0,26496.0,11263.0,25341.0,18208.0,8532.0,12311.0,11263.0,1745.0,1428.0,17576.0,10755.0,,,,,,,,,,,,,,,,,,,,,,,,,,,,,,,,,,,,,,,,,,,,,,,,,
28356,13367.0,8464.0,5592.0,17183.0,9555.0,,,,,,,,,,,,,,,,,,,,,,,,,,,,,,,,,,,,,,,,,,,,,,,,,,,,,,,,
2203,3571.0,16549.0,12311.0,9045.0,13367.0,15833.0,9555.0,,,,,,,,,,,,,,,,,,,,,,,,,,,,,,,,,,,,,,,,,,,,,,,,,,,,,,
6685,26639.0,18787.0,18634.0,21196.0,25213.0,9555.0,,,,,,,,,,,,,,,,,,,,,,,,,,,,,,,,,,,,,,,,,,,,,,,,,,,,,,,
15656,8409.0,23120.0,27284.0,15781.0,22932.0,23238.0,3134.0,3322.0,25607.0,9555.0,,,,,,,,,,,,,,,,,,,,,,,,,,,,,,,,,,,,,,,,,,,,,,,,,,,
4922,14357.0,11263.0,,,,,,,,,,,,,,,,,,,,,,,,,,,,,,,,,,,,,,,,,,,,,,,,,,,,,,,,,,,
17545,19756.0,11263.0,,,,,,,,,,,,,,,,,,,,,,,,,,,,,,,,,,,,,,,,,,,,,,,,,,,,,,,,,,,
11185,24962.0,26223.0,23780.0,,,,,,,,,,,,,,,,,,,,,,,,,,,,,,,,,,,,,,,,,,,,,,,,,,,,,,,,,,
15903,,,,,,,,,,,,,,,,,,,,,,,,,,,,,,,,,,,,,,,,,,,,,,,,,,,,,,,,,,,,,
20753,5119.0,15657.0,11263.0,,,,,,,,,,,,,,,,,,,,,,,,,,,,,,,,,,,,,,,,,,,,,,,,,,,,,,,,,,
20753,5119.0,15657.0,11263.0,,,,,,,,,,,,,,,,,,,,,,,,,,,,,,,,,,,,,,,,,,,,,,,,,,,,,,,,,,
14554,17743.0,23522.0,2783.0,15091.0,27985.0,7256.0,,,,,,,,,,,,,,,,,,,,,,,,,,,,,,,,,,,,,,,,,,,,,,,,,,,,,,,
20427,28131.0,22050.0,1478.0,2874.0,783.0,2603.0,10721.0,9555.0,,,,,,,,,,,,,,,,,,,,,,,,,,,,,,,,,,,,,,,,,,,,,,,,,,,,,
843,18634.0,12736.0,12311.0,1672.0,5921.0,6632.0,18800.0,14083.0,9555.0,,,,,,,,,,,,,,,,,,,,,,,,,,,,,,,,,,,,,,,,,,,,,,,,,,,,
24541,16568.0,11491.0,3548.0,18411.0,25534.0,13474.0,26647.0,5921.0,10878.0,21596.0,5921.0,16504.0,13474.0,2795.0,9555.0,,,,,,,,,,,,,,,,,,,,,,,,,,,,,,,,,,,,,,,,,,,,,,
25269,9963.0,783.0,1793.0,25447.0,1609.0,18800.0,9324.0,5921.0,783.0,1793.0,13367.0,7769.0,12311.0,14659.0,8919.0,4835.0,27204.0,24590.0,3070.0,12311.0,9230.0,9555.0,,,,,,,,,,,,,,,,,,,,,,,,,,,,,,,,,,,,,,,
15091,22105.0,9800.0,7964.0,,,,,,,,,,,,,,,,,,,,,,,,,,,,,,,,,,,,,,,,,,,,,,,,,,,,,,,,,,
938,11200.0,20353.0,2874.0,1823.0,15443.0,15110.0,13638.0,16134.0,9963.0,12006.0,21569.0,23561.0,14793.0,740.0,26983.0,26496.0,23329.0,,,,,,,,,,,,,,,,,,,,,,,,,,,,,,,,,,,,,,,,,,,,
8450,25004.0,11491.0,14659.0,21923.0,15013.0,18800.0,10546.0,15443.0,6731.0,19342.0,5921.0,26483.0,13202.0,18848.0,9555.0,,,,,,,,,,,,,,,,,,,,,,,,,,,,,,,,,,,,,,,,,,,,,,
27985,11463.0,11263.0,,,,,,,,,,,,,,,,,,,,,,,,,,,,,,,,,,,,,,,,,,,,,,,,,,,,,,,,,,,
2783,3790.0,24962.0,6931.0,7256.0,,,,,,,,,,,,,,,,,,,,,,,,,,,,,,,,,,,,,,,,,,,,,,,,,,,,,,,,,
6685,1793.0,17378.0,18727.0,14659.0,16004.0,1007.0,12666.0,15443.0,3648.0,27204.0,2874.0,25710.0,783.0,12553.0,11883.0,19007.0,17413.0,4531.0,9555.0,,,,,,,,,,,,,,,,,,,,,,,,,,,,,,,,,,,,,,,,,,
20085,,,,,,,,,,,,,,,,,,,,,,,,,,,,,,,,,,,,,,,,,,,,,,,,,,,,,,,,,,,,,
20427,21117.0,12311.0,9097.0,20163.0,6412.0,6184.0,14659.0,8373.0,22129.0,17114.0,15443.0,25369.0,25773.0,9555.0,,,,,,,,,,,,,,,,,,,,,,,,,,,,,,,,,,,,,,,,,,,,,,,
856,19756.0,18598.0,24719.0,11263.0,,,,,,,,,,,,,,,,,,,,,,,,,,,,,,,,,,,,,,,,,,,,,,,,,,,,,,,,,
22870,7296.0,12311.0,162.0,6925.0,9555.0,,,,,,,,,,,,,,,,,,,,,,,,,,,,,,,,,,,,,,,,,,,,,,,,,,,,,,,,
20427,18634.0,10762.0,2874.0,992.0,7502.0,12311.0,16422.0,2874.0,20720.0,9097.0,4256.0,9555.0,,,,,,,,,,,,,,,,,,,,,,,,,,,,,,,,,,,,,,,,,,,,,,,,,
1370,9758.0,26247.0,11263.0,,,,,,,,,,,,,,,,,,,,,,,,,,,,,,,,,,,,,,,,,,,,,,,,,,,,,,,,,,
6685,1793.0,11933.0,783.0,6100.0,27650.0,2118.0,9555.0,,,,,,,,,,,,,,,,,,,,,,,,,,,,,,,,,,,,,,,,,,,,,,,,,,,,,,
16551,3436.0,6714.0,20751.0,21333.0,18800.0,25985.0,17446.0,3150.0,9555.0,,,,,,,,,,,,,,,,,,,,,,,,,,,,,,,,,,,,,,,,,,,,,,,,,,,,
3256,20879.0,5921.0,10489.0,5921.0,18800.0,11618.0,13480.0,9555.0,,,,,,,,,,,,,,,,,,,,,,,,,,,,,,,,,,,,,,,,,,,,,,,,,,,,,
8313,18652.0,,,,,,,,,,,,,,,,,,,,,,,,,,,,,,,,,,,,,,,,,,,,,,,,,,,,,,,,,,,,
4407,1633.0,28058.0,11263.0,,,,,,,,,,,,,,,,,,,,,,,,,,,,,,,,,,,,,,,,,,,,,,,,,,,,,,,,,,
3851,23120.0,13622.0,13844.0,23120.0,5858.0,27534.0,23134.0,23120.0,20177.0,,,,,,,,,,,,,,,,,,,,,,,,,,,,,,,,,,,,,,,,,,,,,,,,,,,,
3710,24719.0,11263.0,,,,,,,,,,,,,,,,,,,,,,,,,,,,,,,,,,,,,,,,,,,,,,,,,,,,,,,,,,,
20427,8317.0,14659.0,15833.0,14573.0,21054.0,18800.0,15833.0,770.0,21054.0,10697.0,9555.0,,,,,,,,,,,,,,,,,,,,,,,,,,,,,,,,,,,,,,,,,,,,,,,,,,
1534,783.0,1793.0,21054.0,9525.0,14147.0,218.0,13367.0,9139.0,14166.0,10321.0,16568.0,5921.0,11327.0,28254.0,10499.0,24962.0,3635.0,16980.0,24962.0,23761.0,9555.0,,,,,,,,,,,,,,,,,,,,,,,,,,,,,,,,,,,,,,,,
18484,13108.0,19340.0,2783.0,22308.0,7256.0,11263.0,,,,,,,,,,,,,,,,,,,,,,,,,,,,,,,,,,,,,,,,,,,,,,,,,,,,,,,
15652,7502.0,10441.0,11263.0,,,,,,,,,,,,,,,,,,,,,,,,,,,,,,,,,,,,,,,,,,,,,,,,,,,,,,,,,,
17238,11263.0,,,,,,,,,,,,,,,,,,,,,,,,,,,,,,,,,,,,,,,,,,,,,,,,,,,,,,,,,,,,
6073,27984.0,19825.0,,,,,,,,,,,,,,,,,,,,,,,,,,,,,,,,,,,,,,,,,,,,,,,,,,,,,,,,,,,
13107,13367.0,4644.0,2874.0,23053.0,1793.0,25447.0,6592.0,9555.0,,,,,,,,,,,,,,,,,,,,,,,,,,,,,,,,,,,,,,,,,,,,,,,,,,,,,
3006,26266.0,17396.0,2783.0,3485.0,15621.0,7743.0,7256.0,,,,,,,,,,,,,,,,,,,,,,,,,,,,,,,,,,,,,,,,,,,,,,,,,,,,,,
7419,25389.0,12311.0,21946.0,1371.0,10192.0,16877.0,,,,,,,,,,,,,,,,,,,,,,,,,,,,,,,,,,,,,,,,,,,,,,,,,,,,,,,
26924,15840.0,12311.0,19041.0,5921.0,17723.0,9963.0,10171.0,19205.0,23289.0,3369.0,9555.0,,,,,,,,,,,,,,,,,,,,,,,,,,,,,,,,,,,,,,,,,,,,,,,,,,
6685,1793.0,13367.0,26662.0,2874.0,14659.0,9039.0,28308.0,5921.0,9039.0,14831.0,8293.0,9555.0,,,,,,,,,,,,,,,,,,,,,,,,,,,,,,,,,,,,,,,,,,,,,,,,,
12730,26262.0,2301.0,22174.0,2398.0,9555.0,,,,,,,,,,,,,,,,,,,,,,,,,,,,,,,,,,,,,,,,,,,,,,,,,,,,,,,,
20427,15519.0,4302.0,11674.0,5921.0,3147.0,8667.0,783.0,4441.0,24371.0,23653.0,13156.0,25146.0,22768.0,18800.0,7424.0,26788.0,15443.0,22638.0,9555.0,,,,,,,,,,,,,,,,,,,,,,,,,,,,,,,,,,,,,,,,,,
2081,11185.0,11263.0,,,,,,,,,,,,,,,,,,,,,,,,,,,,,,,,,,,,,,,,,,,,,,,,,,,,,,,,,,,
19075,14464.0,5921.0,13418.0,26738.0,,,,,,,,,,,,,,,,,,,,,,,,,,,,,,,,,,,,,,,,,,,,,,,,,,,,,,,,,
4977,,,,,,,,,,,,,,,,,,,,,,,,,,,,,,,,,,,,,,,,,,,,,,,,,,,,,,,,,,,,,
381,8667.0,19734.0,5921.0,3138.0,26921.0,8667.0,26034.0,13367.0,14659.0,8586.0,9695.0,24962.0,783.0,8053.0,20514.0,27458.0,9555.0,,,,,,,,,,,,,,,,,,,,,,,,,,,,,,,,,,,,,,,,,,,,
22677,3345.0,21965.0,9555.0,,,,,,,,,,,,,,,,,,,,,,,,,,,,,,,,,,,,,,,,,,,,,,,,,,,,,,,,,,
15610,13933.0,11263.0,,,,,,,,,,,,,,,,,,,,,,,,,,,,,,,,,,,,,,,,,,,,,,,,,,,,,,,,,,,
15173,13367.0,8807.0,2874.0,1377.0,16189.0,18800.0,18633.0,20763.0,11370.0,18764.0,9903.0,18752.0,9555.0,,,,,,,,,,,,,,,,,,,,,,,,,,,,,,,,,,,,,,,,,,,,,,,,
15173,5795.0,26117.0,12311.0,14659.0,11566.0,9573.0,5921.0,11327.0,13367.0,26988.0,25847.0,1650.0,11327.0,15556.0,12091.0,11327.0,17084.0,20689.0,17627.0,14659.0,7333.0,12311.0,9097.0,10641.0,8344.0,11327.0,25697.0,8667.0,2029.0,13367.0,26034.0,9555.0,,,,,,,,,,,,,,,,,,,,,,,,,,,,,
13830,11263.0,15173.0,8296.0,13367.0,28282.0,9903.0,12311.0,15425.0,9555.0,,,,,,,,,,,,,,,,,,,,,,,,,,,,,,,,,,,,,,,,,,,,,,,,,,,,
14299,19865.0,8156.0,5992.0,2886.0,12772.0,11498.0,,,,,,,,,,,,,,,,,,,,,,,,,,,,,,,,,,,,,,,,,,,,,,,,,,,,,,,
3710,24719.0,11263.0,,,,,,,,,,,,,,,,,,,,,,,,,,,,,,,,,,,,,,,,,,,,,,,,,,,,,,,,,,,
6685,1793.0,12501.0,23277.0,8790.0,2874.0,13539.0,7105.0,8790.0,7918.0,12311.0,783.0,9927.0,9555.0,,,,,,,,,,,,,,,,,,,,,,,,,,,,,,,,,,,,,,,,,,,,,,,,
7012,6912.0,11263.0,,,,,,,,,,,,,,,,,,,,,,,,,,,,,,,,,,,,,,,,,,,,,,,,,,,,,,,,,,,
24733,24962.0,4391.0,11263.0,,,,,,,,,,,,,,,,,,,,,,,,,,,,,,,,,,,,,,,,,,,,,,,,,,,,,,,,,,
21057,11263.0,,,,,,,,,,,,,,,,,,,,,,,,,,,,,,,,,,,,,,,,,,,,,,,,,,,,,,,,,,,,
15173,18634.0,10829.0,18202.0,6955.0,9419.0,18966.0,28282.0,8926.0,2874.0,783.0,22411.0,14415.0,23967.0,9963.0,18652.0,24962.0,14659.0,2417.0,21664.0,17872.0,9555.0,,,,,,,,,,,,,,,,,,,,,,,,,,,,,,,,,,,,,,,,
14198,8421.0,9555.0,,,,,,,,,,,,,,,,,,,,,,,,,,,,,,,,,,,,,,,,,,,,,,,,,,,,,,,,,,,
14867,23747.0,2874.0,25312.0,28370.0,11530.0,5696.0,24962.0,1214.0,9555.0,,,,,,,,,,,,,,,,,,,,,,,,,,,,,,,,,,,,,,,,,,,,,,,,,,,,
14111,25768.0,11263.0,,,,,,,,,,,,,,,,,,,,,,,,,,,,,,,,,,,,,,,,,,,,,,,,,,,,,,,,,,,
14299,17729.0,2090.0,8514.0,15443.0,22251.0,15750.0,9963.0,9695.0,9555.0,,,,,,,,,,,,,,,,,,,,,,,,,,,,,,,,,,,,,,,,,,,,,,,,,,,,
10829,16044.0,13367.0,28131.0,15443.0,24716.0,25315.0,12311.0,24776.0,2874.0,19596.0,11370.0,5597.0,5921.0,10328.0,783.0,26625.0,8667.0,11370.0,16772.0,13740.0,20763.0,54.0,2429.0,15833.0,9555.0,,,,,,,,,,,,,,,,,,,,,,,,,,,,,,,,,,,,
4977,,,,,,,,,,,,,,,,,,,,,,,,,,,,,,,,,,,,,,,,,,,,,,,,,,,,,,,,,,,,,
24541,11687.0,1020.0,5921.0,783.0,1793.0,18634.0,7750.0,9555.0,,,,,,,,,,,,,,,,,,,,,,,,,,,,,,,,,,,,,,,,,,,,,,,,,,,,,
24772,26530.0,13367.0,10225.0,12774.0,9555.0,,,,,,,,,,,,,,,,,,,,,,,,,,,,,,,,,,,,,,,,,,,,,,,,,,,,,,,,
22876,11491.0,12440.0,3184.0,21928.0,5921.0,19248.0,15833.0,577.0,9555.0,,,,,,,,,,,,,,,,,,,,,,,,,,,,,,,,,,,,,,,,,,,,,,,,,,,,
27985,11463.0,11263.0,,,,,,,,,,,,,,,,,,,,,,,,,,,,,,,,,,,,,,,,,,,,,,,,,,,,,,,,,,,
4977,,,,,,,,,,,,,,,,,,,,,,,,,,,,,,,,,,,,,,,,,,,,,,,,,,,,,,,,,,,,,
27102,2486.0,14985.0,11865.0,2886.0,19537.0,9881.0,11263.0,2629.0,2783.0,162.0,7256.0,19537.0,8158.0,7639.0,2783.0,162.0,22174.0,14659.0,7155.0,7980.0,,,,,,,,,,,,,,,,,,,,,,,,,,,,,,,,,,,,,,,,,
6685,1793.0,649.0,3443.0,4302.0,10464.0,5921.0,11674.0,13202.0,24834.0,24962.0,23773.0,27752.0,9555.0,,,,,,,,,,,,,,,,,,,,,,,,,,,,,,,,,,,,,,,,,,,,,,,,
16182,13367.0,17723.0,9963.0,2312.0,12014.0,24962.0,23523.0,18800.0,26231.0,5635.0,12014.0,24962.0,26819.0,9555.0,,,,,,,,,,,,,,,,,,,,,,,,,,,,,,,,,,,,,,,,,,,,,,,
3710,24719.0,11263.0,,,,,,,,,,,,,,,,,,,,,,,,,,,,,,,,,,,,,,,,,,,,,,,,,,,,,,,,,,,
24541,18796.0,5921.0,1793.0,13367.0,1907.0,28213.0,18800.0,17305.0,9963.0,1248.0,9555.0,,,,,,,,,,,,,,,,,,,,,,,,,,,,,,,,,,,,,,,,,,,,,,,,,,
11046,5921.0,8131.0,,,,,,,,,,,,,,,,,,,,,,,,,,,,,,,,,,,,,,,,,,,,,,,,,,,,,,,,,,,
23463,27107.0,5921.0,783.0,1793.0,13367.0,7207.0,11881.0,15443.0,14659.0,12777.0,18609.0,19648.0,18800.0,26983.0,5284.0,183.0,,,,,,,,,,,,,,,,,,,,,,,,,,,,,,,,,,,,,,,,,,,,,
843,21117.0,8317.0,6731.0,4441.0,24962.0,13048.0,22110.0,14166.0,16568.0,9555.0,,,,,,,,,,,,,,,,,,,,,,,,,,,,,,,,,,,,,,,,,,,,,,,,,,,
24541,10321.0,16948.0,5921.0,27828.0,13367.0,4010.0,2874.0,3443.0,21196.0,25213.0,2417.0,3518.0,5921.0,1066.0,21881.0,2417.0,8174.0,22868.0,5921.0,18800.0,14659.0,12440.0,2949.0,20812.0,24962.0,20620.0,27892.0,17719.0,9555.0,,,,,,,,,,,,,,,,,,,,,,,,,,,,,,,,
25074,2874.0,9576.0,18800.0,69.0,20435.0,9555.0,,,,,,,,,,,,,,,,,,,,,,,,,,,,,,,,,,,,,,,,,,,,,,,,,,,,,,,
1352,13496.0,24962.0,783.0,4653.0,24962.0,783.0,20163.0,855.0,19205.0,11339.0,350.0,7982.0,5284.0,443.0,9555.0,,,,,,,,,,,,,,,,,,,,,,,,,,,,,,,,,,,,,,,,,,,,,,
18897,11263.0,,,,,,,,,,,,,,,,,,,,,,,,,,,,,,,,,,,,,,,,,,,,,,,,,,,,,,,,,,,,
6685,1793.0,21054.0,17366.0,21215.0,15046.0,28282.0,14659.0,10260.0,24962.0,10829.0,18079.0,3492.0,13202.0,14925.0,9555.0,,,,,,,,,,,,,,,,,,,,,,,,,,,,,,,,,,,,,,,,,,,,,,
21344,16549.0,27157.0,17842.0,16408.0,18411.0,18800.0,26814.0,3548.0,18411.0,25534.0,12710.0,18893.0,13367.0,28225.0,15833.0,9555.0,,,,,,,,,,,,,,,,,,,,,,,,,,,,,,,,,,,,,,,,,,,,,
4424,26711.0,5292.0,,,,,,,,,,,,,,,,,,,,,,,,,,,,,,,,,,,,,,,,,,,,,,,,,,,,,,,,,,,
1747,12006.0,23930.0,11263.0,26978.0,5921.0,21058.0,5921.0,17396.0,5921.0,6632.0,5921.0,21401.0,5921.0,16656.0,5921.0,9714.0,5921.0,16153.0,5921.0,3707.0,5921.0,10971.0,5921.0,7138.0,,,,,,,,,,,,,,,,,,,,,,,,,,,,,,,,,,,,,
23675,,,,,,,,,,,,,,,,,,,,,,,,,,,,,,,,,,,,,,,,,,,,,,,,,,,,,,,,,,,,,
26278,224.0,24962.0,21513.0,3038.0,364.0,9555.0,,,,,,,,,,,,,,,,,,,,,,,,,,,,,,,,,,,,,,,,,,,,,,,,,,,,,,,
7009,9023.0,2511.0,25534.0,25339.0,5921.0,1845.0,5284.0,378.0,5921.0,7788.0,2122.0,2417.0,25057.0,1989.0,12006.0,19293.0,26659.0,22319.0,9963.0,6363.0,12395.0,18273.0,5284.0,7745.0,9555.0,,,,,,,,,,,,,,,,,,,,,,,,,,,,,,,,,,,,
6685,1793.0,13367.0,7207.0,7769.0,12311.0,18739.0,9555.0,,,,,,,,,,,,,,,,,,,,,,,,,,,,,,,,,,,,,,,,,,,,,,,,,,,,,,
20427,18634.0,14659.0,10633.0,24916.0,24723.0,7155.0,17192.0,9963.0,783.0,23653.0,27105.0,6775.0,5921.0,15519.0,18322.0,5921.0,18634.0,14659.0,2293.0,13398.0,15443.0,783.0,27003.0,12018.0,7502.0,26266.0,3686.0,22319.0,9555.0,,,,,,,,,,,,,,,,,,,,,,,,,,,,,,,,
7043,15443.0,11104.0,12506.0,10283.0,8626.0,2783.0,26176.0,22573.0,7256.0,6540.0,17447.0,8158.0,8658.0,23826.0,27191.0,2847.0,2301.0,13668.0,8158.0,3344.0,23826.0,17782.0,,,,,,,,,,,,,,,,,,,,,,,,,,,,,,,,,,,,,,,
26278,15190.0,21273.0,,,,,,,,,,,,,,,,,,,,,,,,,,,,,,,,,,,,,,,,,,,,,,,,,,,,,,,,,,,
13805,15775.0,18634.0,14659.0,21599.0,23120.0,12399.0,24990.0,15443.0,14659.0,17674.0,25692.0,5028.0,24962.0,17094.0,13808.0,9555.0,,,,,,,,,,,,,,,,,,,,,,,,,,,,,,,,,,,,,,,,,,,,,
843,4716.0,10633.0,24916.0,24723.0,7155.0,9555.0,,,,,,,,,,,,,,,,,,,,,,,,,,,,,,,,,,,,,,,,,,,,,,,,,,,,,,,
4922,14405.0,26169.0,2886.0,8158.0,26447.0,5921.0,,,,,,,,,,,,,,,,,,,,,,,,,,,,,,,,,,,,,,,,,,,,,,,,,,,,,,,
20382,23976.0,8596.0,11263.0,,,,,,,,,,,,,,,,,,,,,,,,,,,,,,,,,,,,,,,,,,,,,,,,,,,,,,,,,,
24541,1248.0,15046.0,17282.0,5921.0,2694.0,2886.0,5777.0,9915.0,20419.0,5921.0,2287.0,2886.0,5777.0,24014.0,24284.0,21336.0,1059.0,18080.0,5921.0,13418.0,28132.0,,,,,,,,,,,,,,,,,,,,,,,,,,,,,,,,,,,,,,,,
4922,25224.0,19942.0,7557.0,2886.0,363.0,18438.0,,,,,,,,,,,,,,,,,,,,,,,,,,,,,,,,,,,,,,,,,,,,,,,,,,,,,,,
3356,7274.0,3393.0,2886.0,363.0,12822.0,9353.0,21117.0,20479.0,25901.0,5430.0,2874.0,24595.0,9555.0,,,,,,,,,,,,,,,,,,,,,,,,,,,,,,,,,,,,,,,,,,,,,,,,
17238,11263.0,27872.0,21837.0,,,,,,,,,,,,,,,,,,,,,,,,,,,,,,,,,,,,,,,,,,,,,,,,,,,,,,,,,,
2624,12997.0,10321.0,27638.0,11339.0,3443.0,20479.0,4454.0,12311.0,783.0,6167.0,21843.0,9555.0,,,,,,,,,,,,,,,,,,,,,,,,,,,,,,,,,,,,,,,,,,,,,,,,,
6685,1793.0,17970.0,2118.0,2874.0,1214.0,10153.0,9555.0,,,,,,,,,,,,,,,,,,,,,,,,,,,,,,,,,,,,,,,,,,,,,,,,,,,,,,
25956,,,,,,,,,,,,,,,,,,,,,,,,,,,,,,,,,,,,,,,,,,,,,,,,,,,,,,,,,,,,,
26897,11263.0,,,,,,,,,,,,,,,,,,,,,,,,,,,,,,,,,,,,,,,,,,,,,,,,,,,,,,,,,,,,
2846,6697.0,7639.0,,,,,,,,,,,,,,,,,,,,,,,,,,,,,,,,,,,,,,,,,,,,,,,,,,,,,,,,,,,
9963,52.0,9555.0,,,,,,,,,,,,,,,,,,,,,,,,,,,,,,,,,,,,,,,,,,,,,,,,,,,,,,,,,,,
20641,25447.0,10266.0,10081.0,13367.0,22317.0,20122.0,16568.0,2874.0,783.0,17521.0,172.0,9555.0,,,,,,,,,,,,,,,,,,,,,,,,,,,,,,,,,,,,,,,,,,,,,,,,,
9677,11263.0,5284.0,8301.0,5921.0,18893.0,16220.0,5284.0,8829.0,15443.0,28230.0,24962.0,11370.0,3089.0,9555.0,,,,,,,,,,,,,,,,,,,,,,,,,,,,,,,,,,,,,,,,,,,,,,,
21085,19021.0,3393.0,2886.0,19537.0,9881.0,11263.0,27418.0,2783.0,5992.0,7256.0,19537.0,8158.0,336.0,2783.0,21983.0,7980.0,,,,,,,,,,,,,,,,,,,,,,,,,,,,,,,,,,,,,,,,,,,,,
1353,11263.0,,,,,,,,,,,,,,,,,,,,,,,,,,,,,,,,,,,,,,,,,,,,,,,,,,,,,,,,,,,,
3770,10318.0,7207.0,1218.0,15443.0,10724.0,25679.0,9555.0,,,,,,,,,,,,,,,,,,,,,,,,,,,,,,,,,,,,,,,,,,,,,,,,,,,,,,
24541,2603.0,7155.0,12652.0,5921.0,783.0,1793.0,13367.0,10762.0,2874.0,783.0,26806.0,17475.0,12115.0,9555.0,,,,,,,,,,,,,,,,,,,,,,,,,,,,,,,,,,,,,,,,,,,,,,,
15657,10283.0,14194.0,8786.0,13019.0,23976.0,856.0,19756.0,11234.0,11263.0,,,,,,,,,,,,,,,,,,,,,,,,,,,,,,,,,,,,,,,,,,,,,,,,,,,,
14615,26525.0,2886.0,11446.0,,,,,,,,,,,,,,,,,,,,,,,,,,,,,,,,,,,,,,,,,,,,,,,,,,,,,,,,,,
7009,11330.0,28273.0,2886.0,19537.0,9881.0,11263.0,2301.0,22941.0,8158.0,9538.0,2783.0,19813.0,16635.0,2874.0,10953.0,18992.0,7256.0,740.0,26786.0,9555.0,,,,,,,,,,,,,,,,,,,,,,,,,,,,,,,,,,,,,,,,,
20002,,,,,,,,,,,,,,,,,,,,,,,,,,,,,,,,,,,,,,,,,,,,,,,,,,,,,,,,,,,,,
19910,3345.0,15833.0,12006.0,8667.0,19734.0,9555.0,,,,,,,,,,,,,,,,,,,,,,,,,,,,,,,,,,,,,,,,,,,,,,,,,,,,,,,
2203,10237.0,23967.0,23302.0,13367.0,2813.0,18800.0,1602.0,9730.0,8667.0,6731.0,19260.0,22564.0,13367.0,12501.0,9555.0,,,,,,,,,,,,,,,,,,,,,,,,,,,,,,,,,,,,,,,,,,,,,,
